,№ п/п,Наименование параметра,Параметры питания датчика,KKS-код параметра,Тип датчика,"Вид сигнала, градуировка, протокол",min,max,Ед. изм.,Примечание,Страница
55,1,Температура исходной воды,"=24В, 0,5ВА",F0GAA01CT001,ТПУ-205,"4-20мА, линейный",0,100,°C,,4
56,2,Давление исходной воды,"=24В, 0,5ВА",F0GAA01CP001,АИР-20/М2-H,"4-20мА, линейный",0,3,кгс/см²,,4
57,3,Давление исходной воды до сетчатого фильтра,"=24В, 0,5ВА",F0GAA01CP002,АИР-20/М2-H,"4-20мА, линейный",0,3,кгс/см²,,4
58,4,Давление исходной воды после сетчатого фильтра,"=24В, 0,5ВА",F0GAA01CP003,АИР-20/М2-H,"4-20мА, линейный",0,3,кгс/см²,,4
60,5,Давление сырой воды на всасе НСВ 1 (К5.1),-,F0GAF01CP001,АИР-20/М2-H,"4-20мА, линейный",-1,3,кгс/см²,,4
61,6,Давление сырой воды на напоре НСВ 1 (К5.1),-,F0GAF01CP002,АИР-20/М2-H,"4-20мА, линейный",0,8,кгс/см²,,4
62,7,Давление сырой воды на всасе НСВ 2 (К5.2),-,F0GAF02CP001,АИР-20/М2-H,"4-20мА, линейный",-1,3,кгс/см²,,4
63,8,Давление сырой воды на напоре НСВ 2 (К5.2),-,F0GAF02CP002,АИР-20/М2-H,"4-20мА, линейный",0,8,кгс/см²,,4
64,9,Давление исходной воды в трубопроводе байпаса насосов НСВ,"=24В, 0,5ВА",F0GAF03CP001,АИР-20/М2-H,"4-20мА, линейный",0,3,кгс/см²,,4
65,10,Давление исходной воды после насосов НСВ,"=24В, 0,5ВА",F0GAF10CP001,АИР-20/М2-H,"4-20мА, линейный",0,8,кгс/см²,,4
66,11,Положение ИМ регулирующего клапана на трубопроводе байпаса насосов НСВ РТ 1,-,F0GAF03CG801,токовый датчик,"4-20мА, линейный, токовый датчик",,,,"АР,ДУ",4
67,12,Температура подшипника №1 К5.1,-,F0GAF01CT101,,,0,150,°C,комплектно с насосом,4
68,13,Температура подшипника №2 К5.1,-,F0GAF01CT102,,,0,150,°C,комплектно с насосом,4
69,14,Ток электродвигателя К5.1,-,F0GAF01CE012,,"4-20мА, линейный",0,250,А,,4
70,15,Температура подшипника №1 К5.2,-,F0GAF02CT101,,,0,150,°C,комплектно с насосом,4
73,16,Температура подшипника №2 К5.2,-,F0GAF02CT102,,,0,150,°C,комплектно с насосом,5
74,17,Ток электродвигателя К5.2,-,F0GAF02CE012,,"4-20мА, линейный",0,250,А,,5
76,18,Выходная частота ЧРП,-,F0CUB01CE015,ЧРП,"RS485, Modbus RTU",0,50,Гц,Шкаф ШУН,5
78,19,Температура воды аварийной подпитки,"=24В, 0,5ВА",F0GAD11CT001,ТПУ-205,"4-20мА, линейный",0,100,°C,,5
79,20,Давление воды аварийной подпитки,"=24В, 0,5ВА",F0GAD11CP001,АИР-20/М2-H,"4-20мА, линейный",0,8,кгс/см²,,5
80,21,Расход воды аварийной подпитки,"=24В, 5ВА",F0GAD11CF001,ВЗЛЕТ ЭР,"4-20мА, линейный",0,450,т/ч,,5
82,22,Положение ИМ регулятора производительности ХВО РД 3,-,F0GAC01CG801,токовый датчик,"4-20мА, линейный, токовый датчик",,,,"АР,ДУ",5
83,23,Положение ИМ регулятора температуры сырой воды РТ 4,-,F0GAC01CG802,токовый датчик,"4-20мА, линейный, токовый датчик",,,,"АР,ДУ",5
84,24,Температура воды после подогревателя исходной воды К11,"=24В, 0,5ВА",F0GAC01CT101,Взлет ТПС,,0,180,°C,,5
85,25,Положение ИМ регулятора температуры умягченной воды,-,F0GBJ01CG801,токовый датчик,"4-20мА, линейный, токовый датчик",,,,"АР,ДУ",5
86,26,Температура умягченной воды после подогревателя К16,"=24В, 0,5ВА",F0GBJ01CT101,Взлет ТПС,,0,180,°C,,5
88,27,Расход воды на бак газоотделитель,-,F0GAD12CF001,ВЗЛЕТ ЭР,"4-20мА, линейный",0,15,т/ч,,5
89,28,Температура в баке газоотделителе,-,F0GAD13CT001,ТПУ0304,"4-20мА, линейный",0,100,°C,,5
90,29,Давление на всасе насоса рабочей воды К10.5.1,"=24В, 0,5ВА",F0GAD14CP001,АИР-20/М2-H,"4-20мА, линейный",-1,1,кгс/см²,,5
93,30,Давление на напоре насоса рабочей воды К10.5.1,"=24В, 0,5ВА",F0GAD14CP002,АИР-20/М2-H,"4-20мА, линейный",0,6,кгс/см²,,6
94,31,Давление на всасе насоса рабочей воды К10.5.2,"=24В, 0,5ВА",F0GAD15CP001,АИР-20/М2-H,"4-20мА, линейный",-1,1,кгс/см²,,6
95,32,Давление на напоре насоса рабочей воды К10.5.2,"=24В, 0,5ВА",F0GAD15CP002,АИР-20/М2-H,"4-20мА, линейный",0,6,кгс/см²,,6
96,33,"Уровень в баке газоотделителе =24В, 0,3А",-,F0GAD13CL001,УЛМ-31А1,"4-20мА, линейный",0,2,м,,6
97,34,Давление рабочей воды на эжектора,"=24В, 0,5ВА",F0GAD17CP001,АИР-20/М2-H,"4-20мА, линейный",0,6,кгс/см²,,6
98,35,Температура парогазовой смеси на входе в эжектора,"=24В, 0,5ВА",F0GAD17CT001,ТПУ-205,"4-20мА, линейный",0,100,°C,,6
99,36,Температура подшипника №1 К10.5.1,-,F0GAD01CT101,,,0,150,°C,комплектно с насосом,6
100,37,Температура подшипника №2 К10.5.1,-,F0GAD01CT102,,,0,150,°C,комплектно с насосом,6
101,38,Ток электродвигателя К10.5.1,-,F0GAD01CE012,,"4-20мА, линейный",0,200,А,,6
102,39,Температура подшипника №1 К10.5.2,-,F0GAD02CT101,,,0,150,°C,комплектно с насосом,6
103,40,Температура подшипника №2 К10.5.2,-,F0GAD02CT102,,,0,150,°C,комплектно с насосом,6
104,41,Ток электродвигателя К10.5.2,-,F0GAD02CE012,,"4-20мА, линейный",0,200,А,,6
106,42,Выходная частота ЧРП,-,F0CUB02CE015,ЧРП,"RS485, Modbus RTU",0,50,Гц,Шкаф ШУН,6
108,43,Температура выпара вакуумного деаэратора,"=24В, 0,5ВА",F0GDH11CT002,ТПУ-205,"4-20мА, линейный",0,100,°C,,6
109,44,Давление в линии выпара вакуумного деаэратора,"=24В, 0,5ВА",F0GDH11CP002,АИР-20/М2-H,"4-20мА, линейный",0,-0.9,кгс/см²,,6
112,45,Температура деаэрированной воды на выходе из бака аккумулятора вакуумного деаэратора,-,F0GDH11CT001,ТПУ-205,"4-20мА, линейный",0,100,°C,,7
113,46,Давление деаэрированной воды на выходе из бака аккумулятора вакуумного деаэратора,-,F0GDH11CP001,АИР-20/М2-H,"4-20мА, линейный",0,1,кгс/см²,,7
114,47,"Уровень в баке аккумуляторе вакуумного деаэратора =24В, 0,3А",-,F0GDH11CL001,УЛМ-31А1,"4-20мА, линейный",0,2.7,м,резерв,7
115,48,"Уровень в баке аккумуляторе вакуумного деаэратора =24В, 0,3А",-,F0GDH11CL002,УЛМ-31А1,"4-20мА, линейный",0,2.7,м,,7
116,49,Давление на всасе насоса подпитки теплосети К6.1,"=24В, 0,5ВА",F0NDK11CP001,АИР-20/М2-H,"4-20мА, линейный",-1,1,кгс/см²,,7
117,50,Давление на напоре насоса подпитки теплосети К6.1,"=24В, 0,5ВА",F0NDK11CP002,АИР-20/М2-H,"4-20мА, линейный",0,6,кгс/см²,,7
118,51,Давление на всасе насоса подпитки теплосети К6.2,"=24В, 0,5ВА",F0NDK12CP001,АИР-20/М2-H,"4-20мА, линейный",-1,1,кгс/см²,,7
119,52,Давление на напоре насоса подпитки теплосети К6.2,"=24В, 0,5ВА",F0NDK12CP002,АИР-20/М2-H,"4-20мА, линейный",0,6,кгс/см²,,7
120,53,Давление на всасе насоса подпитки теплосети К6.3,"=24В, 0,5ВА",F0NDK13CP001,АИР-20/М2-H,"4-20мА, линейный",-1,1,кгс/см²,,7
121,54,Давление на напоре насоса подпитки теплосети К6.3,"=24В, 0,5ВА",F0NDK13CP002,АИР-20/М2-H,"4-20мА, линейный",0,6,кгс/см²,,7
122,55,Расход подпитки теплосети от деаэратора,"=24В, 5ВА",F0NDK20CF001,ВЗЛЕТ ЭР,"4-20мА, линейный",0,400,т/ч,,7
123,56,Давление подпитки теплосети от деаэратора,"=24В, 0,5ВА",F0NDK20CP001,АИР-20/М2-H,"4-20мА, линейный",0,6,кгс/см²,,7
124,57,Температура подпитки теплосети от деаэратора,"=24В, 0,5ВА",F0NDK20CT001,ТПУ-205,"4-20мА, линейный",0,100,°C,,7
125,58,Расход сырой воды к ХВО,"=24В, 5ВА",F0GAD18CF001,ВЗЛЕТ ЭР,"4-20мА, линейный",0,400,т/ч,,7
126,59,pH сырой воды после ХВО,"=24В, 5ВА",F0GHJ01CQ001,Марк-9010,"4-20мА, линейный",,,,,7
127,60,Положение ИМ регулятора расхода сырой воды на охладитель выпара РД 2,-,F0GHJ10CG801,токовый датчик,"4-20мА, линейный, токовый датчик",,,,"АР,ДУ",7
128,61,Температура хим.очищенной воды перед ПХОВ 1,-,F0GHJ11CT001,ТПУ-205,"4-20мА, линейный",0,200,°C,,7
131,62,Давление хим.очищенной воды перед ПХОВ 1,-,F0GHJ11CP001,АИР-20/М2-H,"4-20мА, линейный",0,6,кгс/см²,,8
132,63,Температура хим.очищенной воды после ПХОВ 1,-,F0GHJ11CT002,ТПУ-205,"4-20мА, линейный",0,200,°C,,8
133,64,Давление хим.очищенной воды после ПХОВ 1,-,F0GHJ11CP002,АИР-20/М2-H,"4-20мА, линейный",0,6,кгс/см²,,8
134,65,Температура хим.очищенной воды перед ПХОВ 2,-,F0GHJ12CT001,ТПУ-205,"4-20мА, линейный",0,200,°C,,8
135,66,Давление хим.очищенной воды перед ПХОВ 2,-,F0GHJ12CP001,АИР-20/М2-H,"4-20мА, линейный",0,6,кгс/см²,,8
136,67,Температура хим.очищенной воды после ПХОВ 2,-,F0GHJ12CT002,ТПУ-205,"4-20мА, линейный",0,200,°C,,8
137,68,Давление хим.очищенной воды после ПХОВ 2,-,F0GHJ12CP002,АИР-20/М2-H,"4-20мА, линейный",0,6,кгс/см²,,8
138,69,Расход хим.очищенной воды к ваккумному деаэратору подпитки т/с,"=24В, 5ВА",F0GHJ20CF001,ВЗЛЕТ ЭР,"4-20мА, линейный",0,400,т/ч,,8
139,70,Температура хим.очищенной воды к ваккумному деаэратору подпитки т/с,"=24В, 0,5ВА",F0GHJ20CT002,ТПУ-205,"4-20мА, линейный",0,200,°C,,8
140,71,Температура греющей воды на ПХОВ 1,-,F0GHJ11CT003,ТПУ-205,"4-20мА, линейный",0,200,°C,,8
141,72,Давление греющей воды на ПХОВ 1,-,F0GHJ11CP003,АИР-20/М2-H,"4-20мА, линейный",0,10,кгс/см²,,8
142,73,Температура греющей воды после ПХОВ 1,-,F0GHJ11CT004,ТПУ-205,"4-20мА, линейный",0,200,°C,,8
143,74,Давление греющей воды после ПХОВ 1,-,F0GHJ11CP004,АИР-20/М2-H,"4-20мА, линейный",0,9,кгс/см²,,8
144,75,Температура греющей воды на ПХОВ 2,-,F0GHJ12CT003,ТПУ-205,"4-20мА, линейный",0,200,°C,,8
145,76,Давление греющей воды на ПХОВ 2,-,F0GHJ12CP003,АИР-20/М2-H,"4-20мА, линейный",0,10,кгс/см²,,8
146,77,Температура греющей воды после ПХОВ 2,-,F0GHJ12CT004,ТПУ-205,"4-20мА, линейный",0,200,°C,,8
147,78,Давление греющей воды после ПХОВ 2,-,F0GHJ12CP004,АИР-20/М2-H,"4-20мА, линейный",0,9,кгс/см²,,8
148,79,Положение ИМ регулятора температуры ХОВ на вакуумный деаэратор РТ 59,-,F0GHJ20CG802,токовый датчик,"4-20мА, линейный, токовый датчик",,,,"АР,ДУ",8
151,80,Температура подшипника №1 К6.1,-,F0NDK11CT101,,,0,150,°C,комплектно с насосом,9
152,81,Температура подшипника №2 К6.1,-,F0NDK11CT102,,,0,150,°C,комплектно с насосом,9
153,82,Ток электродвигателя К6.1,-,F0NDK11CE012,,"4-20мА, линейный",0,280,А,,9
154,83,Температура подшипника №1 К6.2,-,F0NDK12CT101,,,0,150,°C,комплектно с насосом,9
155,84,Температура подшипника №2 К6.2,-,F0NDK12CT102,,,0,150,°C,комплектно с насосом,9
156,85,Ток электродвигателя К6.2,-,F0NDK12CE012,,"4-20мА, линейный",0,280,А,,9
157,86,Температура подшипника №1 К6.3,-,F0NDK13CT101,,,0,150,°C,комплектно с насосом,9
158,87,Температура подшипника №2 К6.3,-,F0NDK13CT102,,,0,150,°C,комплектно с насосом,9
159,88,Ток электродвигателя К6.3,-,F0NDK13CE012,,"4-20мА, линейный",0,280,А,,9
161,89,Выходная частота ЧРП,-,F0CUB03CE015,ЧРП,"RS485, Modbus RTU",0,50,Гц,Шкаф ШУН,9
163,90,Давление на всасе котлового насоса №1,"=24В, 0,5ВА",F0NDG01CP001,АИР-20/М2-H,"4-20мА, линейный",-1,10,кгс/см²,,9
164,91,Давление на напоре котлового насоса №1,"=24В, 0,5ВА",F0NDG01CP002,АИР-20/М2-H,"4-20мА, линейный",0,16,кгс/см²,,9
165,92,Температура подшипника №1,-,F0NDG01CT101,,,0,150,°C,комплектно с насосом,9
166,93,Температура подшипника №2,-,F0NDG01CT102,,,0,150,°C,комплектно с насосом,9
167,94,Температура подшипника №3,-,F0NDG01CT103,,,0,150,°C,комплектно с насосом,9
168,95,Температура подшипника №4,-,F0NDG01CT104,,,0,150,°C,комплектно с насосом,9
171,96,Температура обмоток электродвигателя фаза U,-,F0NDG01CT105,,,0,150,°C,комплектно с насосом,10
172,97,Температура обмоток электродвигателя фаза V,-,F0NDG01CT106,,,0,150,°C,комплектно с насосом,10
173,98,Температура обмоток электродвигателя фаза W,-,F0NDG01CT107,,,0,150,°C,комплектно с насосом,10
174,99,"Вибрация подшипника №1, вертикальная составляющая","=24В, 0,5ВА",F0NDG01CY001,,"4-20мА, линейный",0,11.9,мм/с,комплектно с насосом,10
175,100,"Вибрация подшипника №1, горизонтальная составляющая","=24В, 0,5ВА",F0NDG01CY002,,"4-20мА, линейный",0,11.9,мм/с,комплектно с насосом,10
176,101,"Вибрация подшипника №1, осевая составляющая","=24В, 0,5ВА",F0NDG01CY003,,"4-20мА, линейный",0,11.9,мм/с,комплектно с насосом,10
177,102,"Вибрация подшипника №2, вертикальная составляющая","=24В, 0,5ВА",F0NDG01CY004,,"4-20мА, линейный",0,11.9,мм/с,комплектно с насосом,10
178,103,"Вибрация подшипника №2, горизонтальная составляющая","=24В, 0,5ВА",F0NDG01CY005,,"4-20мА, линейный",0,11.9,мм/с,комплектно с насосом,10
179,104,"Вибрация подшипника №2, осевая составляющая","=24В, 0,5ВА",F0NDG01CY006,,"4-20мА, линейный",0,11.9,мм/с,комплектно с насосом,10
180,105,"Вибрация подшипника №3, вертикальная составляющая","=24В, 0,5ВА",F0NDG01CY007,,"4-20мА, линейный",0,11.9,мм/с,комплектно с насосом,10
181,106,"Вибрация подшипника №3, горизонтальная составляющая","=24В, 0,5ВА",F0NDG01CY008,,"4-20мА, линейный",0,11.9,мм/с,комплектно с насосом,10
182,107,"Вибрация подшипника №3, осевая составляющая","=24В, 0,5ВА",F0NDG01CY009,,"4-20мА, линейный",0,11.9,мм/с,комплектно с насосом,10
183,108,"Вибрация подшипника №4, вертикальная составляющая","=24В, 0,5ВА",F0NDG01CY010,,"4-20мА, линейный",0,11.9,мм/с,комплектно с насосом,10
184,109,"Вибрация подшипника №4, горизонтальная составляющая","=24В, 0,5ВА",F0NDG01CY011,,"4-20мА, линейный",0,11.9,мм/с,комплектно с насосом,10
187,110,"Вибрация подшипника №4, осевая составляющая","=24В, 0,5ВА",F0NDG01CY012,,"4-20мА, линейный",0,11.9,мм/с,комплектно с насосом,11
188,111,Ток электродвигателя,-,F0NDG01CE012,,"4-20мА, линейный",0,800,А,,11
190,112,Давление на всасе котлового насоса №2,"=24В, 0,5ВА",F0NDG02CP001,АИР-20/М2-H,"4-20мА, линейный",-1,10,кгс/см²,,11
191,113,Давление на напоре котлового насоса №2,"=24В, 0,5ВА",F0NDG02CP002,АИР-20/М2-H,"4-20мА, линейный",0,16,кгс/см²,,11
192,114,Температура подшипника №1,-,F0NDG02CT101,,,0,150,°C,комплектно с насосом,11
193,115,Температура подшипника №2,-,F0NDG02CT102,,,0,150,°C,комплектно с насосом,11
194,116,Температура подшипника №3,-,F0NDG02CT103,,,0,150,°C,комплектно с насосом,11
195,117,Температура подшипника №4,-,F0NDG02CT104,,,0,150,°C,комплектно с насосом,11
196,118,Температура обмоток электродвигателя фаза U,-,F0NDG02CT105,,,0,150,°C,комплектно с насосом,11
197,119,Температура обмоток электродвигателя фаза V,-,F0NDG02CT106,,,0,150,°C,комплектно с насосом,11
198,120,Температура обмоток электродвигателя фаза W,-,F0NDG02CT107,,,0,150,°C,комплектно с насосом,11
199,121,"Вибрация подшипника №1, вертикальная составляющая","=24В, 0,5ВА",F0NDG02CY001,,"4-20мА, линейный",0,11.9,мм/с,комплектно с насосом,11
200,122,"Вибрация подшипника №1, горизонтальная составляющая","=24В, 0,5ВА",F0NDG02CY002,,"4-20мА, линейный",0,11.9,мм/с,комплектно с насосом,11
203,123,"Вибрация подшипника №1, осевая составляющая","=24В, 0,5ВА",F0NDG02CY003,,"4-20мА, линейный",0,11.9,мм/с,комплектно с насосом,12
204,124,"Вибрация подшипника №2, вертикальная составляющая","=24В, 0,5ВА",F0NDG02CY004,,"4-20мА, линейный",0,11.9,мм/с,комплектно с насосом,12
205,125,"Вибрация подшипника №2, горизонтальная составляющая","=24В, 0,5ВА",F0NDG02CY005,,"4-20мА, линейный",0,11.9,мм/с,комплектно с насосом,12
206,126,"Вибрация подшипника №2, осевая составляющая","=24В, 0,5ВА",F0NDG02CY006,,"4-20мА, линейный",0,11.9,мм/с,комплектно с насосом,12
207,127,"Вибрация подшипника №3, вертикальная составляющая","=24В, 0,5ВА",F0NDG02CY007,,"4-20мА, линейный",0,11.9,мм/с,комплектно с насосом,12
208,128,"Вибрация подшипника №3, горизонтальная составляющая","=24В, 0,5ВА",F0NDG02CY008,,"4-20мА, линейный",0,11.9,мм/с,комплектно с насосом,12
209,129,"Вибрация подшипника №3, осевая составляющая","=24В, 0,5ВА",F0NDG02CY009,,"4-20мА, линейный",0,11.9,мм/с,комплектно с насосом,12
210,130,"Вибрация подшипника №4, вертикальная составляющая","=24В, 0,5ВА",F0NDG02CY010,,"4-20мА, линейный",0,11.9,мм/с,комплектно с насосом,12
211,131,"Вибрация подшипника №4, горизонтальная составляющая","=24В, 0,5ВА",F0NDG02CY011,,"4-20мА, линейный",0,11.9,мм/с,комплектно с насосом,12
212,132,"Вибрация подшипника №4, осевая составляющая","=24В, 0,5ВА",F0NDG02CY012,,"4-20мА, линейный",0,11.9,мм/с,комплектно с насосом,12
213,133,Ток электродвигателя,-,F0NDG02CE012,,"4-20мА, линейный",0,800,А,,12
215,134,Давление на всасе котлового насоса №3,"=24В, 0,5ВА",F0NDG03CP001,АИР-20/М2-H,"4-20мА, линейный",-1,10,кгс/см²,,12
216,135,Давление на напоре котлового насоса №3,"=24В, 0,5ВА",F0NDG03CP002,АИР-20/М2-H,"4-20мА, линейный",0,16,кгс/см²,,12
217,136,Температура подшипника №1,-,F0NDG03CT101,,,0,150,°C,комплектно с насосом,12
218,137,Температура подшипника №2,-,F0NDG03CT102,,,0,150,°C,комплектно с насосом,12
219,138,Температура подшипника №3,-,F0NDG03CT103,,,0,150,°C,комплектно с насосом,12
220,139,Температура подшипника №4,-,F0NDG03CT104,,,0,150,°C,комплектно с насосом,12
223,140,Температура обмоток электродвигателя фаза U,-,F0NDG03CT105,,,0,150,°C,комплектно с насосом,13
224,141,Температура обмоток электродвигателя фаза V,-,F0NDG03CT106,,,0,150,°C,комплектно с насосом,13
225,142,Температура обмоток электродвигателя фаза W,-,F0NDG03CT107,,,0,150,°C,комплектно с насосом,13
226,143,"Вибрация подшипника №1, вертикальная составляющая","=24В, 0,5ВА",F0NDG03CY001,,"4-20мА, линейный",0,11.9,мм/с,комплектно с насосом,13
227,144,"Вибрация подшипника №1, горизонтальная составляющая","=24В, 0,5ВА",F0NDG03CY002,,"4-20мА, линейный",0,11.9,мм/с,комплектно с насосом,13
228,145,"Вибрация подшипника №1, осевая составляющая","=24В, 0,5ВА",F0NDG03CY003,,"4-20мА, линейный",0,11.9,мм/с,комплектно с насосом,13
229,146,"Вибрация подшипника №2, вертикальная составляющая","=24В, 0,5ВА",F0NDG03CY004,,"4-20мА, линейный",0,11.9,мм/с,комплектно с насосом,13
230,147,"Вибрация подшипника №2, горизонтальная составляющая","=24В, 0,5ВА",F0NDG03CY005,,"4-20мА, линейный",0,11.9,мм/с,комплектно с насосом,13
231,148,"Вибрация подшипника №2, осевая составляющая","=24В, 0,5ВА",F0NDG03CY006,,"4-20мА, линейный",0,11.9,мм/с,комплектно с насосом,13
232,149,"Вибрация подшипника №3, вертикальная составляющая","=24В, 0,5ВА",F0NDG03CY007,,"4-20мА, линейный",0,11.9,мм/с,комплектно с насосом,13
233,150,"Вибрация подшипника №3, горизонтальная составляющая","=24В, 0,5ВА",F0NDG03CY008,,"4-20мА, линейный",0,11.9,мм/с,комплектно с насосом,13
234,151,"Вибрация подшипника №3, осевая составляющая","=24В, 0,5ВА",F0NDG03CY009,,"4-20мА, линейный",0,11.9,мм/с,комплектно с насосом,13
235,152,"Вибрация подшипника №4, вертикальная составляющая","=24В, 0,5ВА",F0NDG03CY010,,"4-20мА, линейный",0,11.9,мм/с,комплектно с насосом,13
236,153,"Вибрация подшипника №4, горизонтальная составляющая","=24В, 0,5ВА",F0NDG03CY011,,"4-20мА, линейный",0,11.9,мм/с,комплектно с насосом,13
239,154,"Вибрация подшипника №4, осевая составляющая","=24В, 0,5ВА",F0NDG03CY012,,"4-20мА, линейный",0,11.9,мм/с,комплектно с насосом,14
240,155,Ток электродвигателя,-,F0NDG03CE012,,"4-20мА, линейный",0,800,А,,14
242,156,Давление на всасе котлового насоса №4,"=24В, 0,5ВА",F0NDG04CP001,АИР-20/М2-H,"4-20мА, линейный",-1,10,кгс/см²,,14
243,157,Давление на напоре котлового насоса №4,"=24В, 0,5ВА",F0NDG04CP002,АИР-20/М2-H,"4-20мА, линейный",0,16,кгс/см²,,14
244,158,Температура подшипника №1,-,F0NDG04CT101,,,0,150,°C,комплектно с насосом,14
245,159,Температура подшипника №2,-,F0NDG04CT102,,,0,150,°C,комплектно с насосом,14
246,160,Температура подшипника №3,-,F0NDG04CT103,,,0,150,°C,комплектно с насосом,14
247,161,Температура подшипника №4,-,F0NDG04CT104,,,0,150,°C,комплектно с насосом,14
248,162,Температура обмоток электродвигателя фаза U,-,F0NDG04CT105,,,0,150,°C,комплектно с насосом,14
249,163,Температура обмоток электродвигателя фаза V,-,F0NDG04CT106,,,0,150,°C,комплектно с насосом,14
250,164,Температура обмоток электродвигателя фаза W,-,F0NDG04CT107,,,0,150,°C,комплектно с насосом,14
251,165,"Вибрация подшипника №1, вертикальная составляющая","=24В, 0,5ВА",F0NDG04CY001,,"4-20мА, линейный",0,11.9,мм/с,комплектно с насосом,14
252,166,"Вибрация подшипника №1, горизонтальная составляющая","=24В, 0,5ВА",F0NDG04CY002,,"4-20мА, линейный",0,11.9,мм/с,комплектно с насосом,14
253,167,"Вибрация подшипника №1, осевая составляющая","=24В, 0,5ВА",F0NDG04CY003,,"4-20мА, линейный",0,11.9,мм/с,комплектно с насосом,14
256,168,"Вибрация подшипника №2, вертикальная составляющая","=24В, 0,5ВА",F0NDG04CY004,,"4-20мА, линейный",0,11.9,мм/с,комплектно с насосом,15
257,169,"Вибрация подшипника №2, горизонтальная составляющая","=24В, 0,5ВА",F0NDG04CY005,,"4-20мА, линейный",0,11.9,мм/с,комплектно с насосом,15
258,170,"Вибрация подшипника №2, осевая составляющая","=24В, 0,5ВА",F0NDG04CY006,,"4-20мА, линейный",0,11.9,мм/с,комплектно с насосом,15
259,171,"Вибрация подшипника №3, вертикальная составляющая","=24В, 0,5ВА",F0NDG04CY007,,"4-20мА, линейный",0,11.9,мм/с,комплектно с насосом,15
260,172,"Вибрация подшипника №3, горизонтальная составляющая","=24В, 0,5ВА",F0NDG04CY008,,"4-20мА, линейный",0,11.9,мм/с,комплектно с насосом,15
261,173,"Вибрация подшипника №3, осевая составляющая","=24В, 0,5ВА",F0NDG04CY009,,"4-20мА, линейный",0,11.9,мм/с,комплектно с насосом,15
262,174,"Вибрация подшипника №4, вертикальная составляющая","=24В, 0,5ВА",F0NDG04CY010,,"4-20мА, линейный",0,11.9,мм/с,комплектно с насосом,15
263,175,"Вибрация подшипника №4, горизонтальная составляющая","=24В, 0,5ВА",F0NDG04CY011,,"4-20мА, линейный",0,11.9,мм/с,комплектно с насосом,15
264,176,"Вибрация подшипника №4, осевая составляющая","=24В, 0,5ВА",F0NDG04CY012,,"4-20мА, линейный",0,11.9,мм/с,комплектно с насосом,15
265,177,Ток электродвигателя,-,F0NDG04CE012,,"4-20мА, линейный",0,800,А,,15
267,178,Выходная частота ЧРП,-,F0CUB04CE015,ЧРП,"RS485, Modbus RTU",0,50,Гц,Шкаф ШУН,15
269,179,Температура обратной котловой воды на выходе из системы вентиляции,"=24В, 0,5ВА",F0NDG23CT001,ТПУ-205,"4-20мА, линейный",0,200,°C,,15
270,180,Давление обратной котловой воды на выходе из системы вентиляции,"=24В, 0,5ВА",F0NDG23CP001,АИР-20/М2-H,"4-20мА, линейный",0,6,кгс/см²,,15
271,181,Положение ИМ регулирующего клапана давления обратной котловой воды РД К,-,F0NDG20CG801,токовый датчик,"4-20мА, линейный, токовый датчик",,,,"АР,ДУ",15
272,182,Давление обратной котловой воды на входе в котельную,"=24В, 0,5ВА",F0NDG20CP001,АИР-20/М2-H,"4-20мА, линейный",0,6,кгс/см²,,15
273,183,Содержание кислорода в подпиточной воде котлового контура после БВД 10,-,F0GBK10CQ003,МАРК-409Т,"4-20мА, линейный",0,50,мкг/л,,15
276,184,"Уровень в баке аккумуляторе запаса котловой воды =24В, 0,3А",-,F0GBK10CL001,УЛМ-31А1,"4-20мА, линейный",0,2.2,м,,16
277,185,Давление на всасе насоса №1 подпитки котлового контура К23.1,"=24В, 0,5ВА",F0GBK11CP001,АИР-20/М2-H,"4-20мА, линейный",-1,0.5,кгс/см²,,16
278,186,Давление на напоре насоса №1 подпитки котлового контура К23.1,"=24В, 0,5ВА",F0GBK11CP002,АИР-20/М2-H,"4-20мА, линейный",0,6.5,кгс/см²,,16
279,187,Давление на всасе насоса №2 подпитки котлового контура К23.2,"=24В, 0,5ВА",F0GBK12CP001,АИР-20/М2-H,"4-20мА, линейный",-1,0.5,кгс/см²,,16
280,188,Давление на напоре насоса №2 подпитки котлового контура К23.2,"=24В, 0,5ВА",F0GBK12CP002,АИР-20/М2-H,"4-20мА, линейный",0,6.5,кгс/см²,,16
281,189,Температура обратной котловой воды на входе в котельную,"=24В, 0,5ВА",F0NDG20CT001,ТПУ-205,"4-20мА, линейный",0,200,°C,,16
282,190,Содержание кислорода в обратной котловой воде после подпитки,"=24В, 0,5ВА",F0NDG20CQ003,МАРК-409Т,"4-20мА, линейный",0,50,мкг/л,,16
283,191,Давление обратной котловой воды в коллекторе перед котлами,"=24В, 0,5ВА",F0NDG10CP001,АИР-20/М2-H,"4-20мА, линейный",0,25,кгс/см²,,16
284,192,Положение ИМ регулирующего клапана РТ об1,-,F0NDG20CG801,токовый датчик,"4-20мА, линейный, токовый датчик",,,,"АР,ДУ",16
285,193,Положение ИМ регулирующего клапана РТ об2,-,F0NDG20CG802,токовый датчик,"4-20мА, линейный, токовый датчик",,,,"АР,ДУ",16
286,194,Ток электродвигателя К23.1,-,F0GBK01CE012,,"4-20мА, линейный",0,50,А,,16
287,195,Ток электродвигателя К23.2,-,F0GBK02CE012,,"4-20мА, линейный",0,50,А,,16
289,196,Выходная частота ЧРП,-,F0CUB05CE015,ЧРП,"RS485, Modbus RTU",0,50,Гц,Шкаф ШУН,16
291,197,Тепература прямой котловой воды в общем коллекторе котлов,"=24В, 0,5ВА",F0NDF10CT001,ТПУ-205,"4-20мА, линейный",0,200,°C,,16
292,198,Давление прямой котловой воды на подогреватели ХОВ,"=24В, 0,5ВА",F0NDF22CP001,АИР-20/М2-H,"4-20мА, линейный",0,25,кгс/см²,,16
293,199,Температура прямой котловой воды на подогреватели ХОВ,"=24В, 0,5ВА",F0NDF22CT001,ТПУ-205,"4-20мА, линейный",0,200,°C,,16
296,200,"Расход воды на теплообменники К11, К16","=24В, 5ВА",F0NDF22CF002,ВЗЛЕТ ЭР,"4-20мА, линейный",0,400,т/ч,,17
297,201,Расход воды на теплообменник К12,"=24В, 5ВА",F0NDF22CF001,ВЗЛЕТ ЭР,"4-20мА, линейный",0,400,т/ч,,17
299,202,Температура воды после задвижки,"=24В, 0,5ВА",F1NDG10CT001,ТПУ-205,"4-20мА, линейный",0,200,°C,,17
300,203,Положение ИМ регулирующего клапана перед котлом РК. КА1,-,F1NDG10CG801,токовый датчик,"4-20мА, линейный, токовый датчик",,,,"АР,ДУ",17
301,204,Давление воды перед котлом,"=24В, 0,5ВА",F1NDG10CP001,АИР-20/М2-H,"4-20мА, линейный",0,25,кгс/см²,,17
302,205,Температура воды перед котлом,"=24В, 0,5ВА",F1NDG10CT002,ТПУ-205,"4-20мА, линейный",0,200,°C,,17
303,206,Давление воды после котла,"=24В, 0,5ВА",F1NDF10CP001,АИР-20/М2-H,"4-20мА, линейный",0,25,кгс/см²,,17
304,207,Температура воды после котла,"=24В, 0,5ВА",F1NDF10CT001,ТПУ-205,"4-20мА, линейный",0,200,°C,,17
306,208,Температура воды после задвижки,"=24В, 0,5ВА",F2NDG10CT001,ТПУ-205,"4-20мА, линейный",0,200,°C,,17
307,209,Положение ИМ регулирующего клапана перед котлом РК. КА2,-,F2NDG10CG801,токовый датчик,"4-20мА, линейный, токовый датчик",,,,"АР,ДУ",17
308,210,Давление воды перед котлом,"=24В, 0,5ВА",F2NDG10CP001,АИР-20/М2-H,"4-20мА, линейный",0,25,кгс/см²,,17
309,211,Температура воды перед котлом,"=24В, 0,5ВА",F2NDG10CT002,ТПУ-205,"4-20мА, линейный",0,200,°C,,17
310,212,Давление воды после котла,"=24В, 0,5ВА",F2NDF10CP001,АИР-20/М2-H,"4-20мА, линейный",0,25,кгс/см²,,17
311,213,Температура воды после котла,"=24В, 0,5ВА",F2NDF10CT001,ТПУ-205,"4-20мА, линейный",0,200,°C,,17
313,214,Температура воды после задвижки,"=24В, 0,5ВА",F3NDG10CT001,ТПУ-205,"4-20мА, линейный",0,200,°C,,17
316,215,Положение ИМ регулирующего клапана перед котлом РК. КА3,-,F3NDG10CG801,токовый датчик,"4-20мА, линейный, токовый датчик",,,,"АР,ДУ",18
317,216,Давление воды перед котлом,"=24В, 0,5ВА",F3NDG10CP001,АИР-20/М2-H,"4-20мА, линейный",0,25,кгс/см²,,18
318,217,Температура воды перед котлом,"=24В, 0,5ВА",F3NDG10CT002,ТПУ-205,"4-20мА, линейный",0,200,°C,,18
319,218,Давление воды после котла,"=24В, 0,5ВА",F3NDF10CP001,АИР-20/М2-H,"4-20мА, линейный",0,25,кгс/см²,,18
320,219,Температура воды после котла,"=24В, 0,5ВА",F3NDF10CT001,ТПУ-205,"4-20мА, линейный",0,200,°C,,18
322,220,Температура воды после задвижки,"=24В, 0,5ВА",F4NDG10CT001,ТПУ-205,"4-20мА, линейный",0,200,°C,,18
323,221,Положение ИМ регулирующего клапана перед котлом РК. КА4,-,F4NDG10CG801,токовый датчик,"4-20мА, линейный, токовый датчик",,,,"АР,ДУ",18
324,222,Давление воды перед котлом,"=24В, 0,5ВА",F4NDG10CP001,АИР-20/М2-H,"4-20мА, линейный",0,25,кгс/см²,,18
325,223,Температура воды перед котлом,"=24В, 0,5ВА",F4NDG10CT002,ТПУ-205,"4-20мА, линейный",0,200,°C,,18
326,224,Давление воды после котла,"=24В, 0,5ВА",F4NDF10CP001,АИР-20/М2-H,"4-20мА, линейный",0,25,кгс/см²,,18
327,225,Температура воды после котла,"=24В, 0,5ВА",F4NDF10CT001,ТПУ-205,"4-20мА, линейный",0,200,°C,,18
329,226,Температура воды после задвижки,"=24В, 0,5ВА",F5NDG10CT001,ТПУ-205,"4-20мА, линейный",0,200,°C,,18
330,227,Положение ИМ регулирующего клапана перед котлом РК. КА5,-,F5NDG10CG801,токовый датчик,"4-20мА, линейный, токовый датчик",,,,"АР,ДУ",18
331,228,Давление воды перед котлом,"=24В, 0,5ВА",F5NDG10CP001,АИР-20/М2-H,"4-20мА, линейный",0,25,кгс/см²,,18
332,229,Температура воды перед котлом,"=24В, 0,5ВА",F5NDG10CT002,ТПУ-205,"4-20мА, линейный",0,200,°C,,18
333,230,Давление воды после котла,"=24В, 0,5ВА",F5NDF10CP001,АИР-20/М2-H,"4-20мА, линейный",0,25,кгс/см²,,18
336,231,Температура воды после котла,"=24В, 0,5ВА",F5NDF10CT001,ТПУ-205,"4-20мА, линейный",0,200,°C,,19
338,232,Температура воды после задвижки,"=24В, 0,5ВА",F6NDG10CT001,ТПУ-205,"4-20мА, линейный",0,200,°C,,19
339,233,Положение ИМ регулирующего клапана перед котлом РК. КА6,-,F6NDG10CG801,токовый датчик,"4-20мА, линейный, токовый датчик",,,,"АР,ДУ",19
340,234,Давление воды перед котлом,"=24В, 0,5ВА",F6NDG10CP001,АИР-20/М2-H,"4-20мА, линейный",0,25,кгс/см²,,19
341,235,Температура воды перед котлом,"=24В, 0,5ВА",F6NDG10CT002,ТПУ-205,"4-20мА, линейный",0,200,°C,,19
342,236,Давление воды после котла,"=24В, 0,5ВА",F6NDF10CP001,АИР-20/М2-H,"4-20мА, линейный",0,25,кгс/см²,,19
343,237,Температура воды после котла,"=24В, 0,5ВА",F6NDF10CT001,ТПУ-205,"4-20мА, линейный",0,200,°C,,19
345,238,Температура воды после задвижки,"=24В, 0,5ВА",F7NDG10CT001,ТПУ-205,"4-20мА, линейный",0,200,°C,,19
346,239,Положение ИМ регулирующего клапана перед котлом РК. КА7,-,F7NDG10CG801,токовый датчик,"4-20мА, линейный, токовый датчик",,,,"АР,ДУ",19
347,240,Давление воды перед котлом,"=24В, 0,5ВА",F7NDG10CP001,АИР-20/М2-H,"4-20мА, линейный",0,25,кгс/см²,,19
348,241,Температура воды перед котлом,"=24В, 0,5ВА",F7NDG10CT002,ТПУ-205,"4-20мА, линейный",0,200,°C,,19
349,242,Давление воды после котла,"=24В, 0,5ВА",F7NDF10CP001,АИР-20/М2-H,"4-20мА, линейный",0,25,кгс/см²,,19
350,243,Температура воды после котла,"=24В, 0,5ВА",F7NDF10CT001,ТПУ-205,"4-20мА, линейный",0,200,°C,,19
352,244,Температура воды после задвижки,"=24В, 0,5ВА",F8NDG10CT001,ТПУ-205,"4-20мА, линейный",0,200,°C,,19
353,245,Положение ИМ регулирующего клапана перед котлом РК. КА8,-,F8NDG10CG801,токовый датчик,"4-20мА, линейный, токовый датчик",,,,"АР,ДУ",19
356,246,Давление воды перед котлом,"=24В, 0,5ВА",F8NDG10CP001,АИР-20/М2-H,"4-20мА, линейный",0,25,кгс/см²,,20
357,247,Температура воды перед котлом,"=24В, 0,5ВА",F8NDG10CT002,ТПУ-205,"4-20мА, линейный",0,200,°C,,20
358,248,Давление воды после котла,"=24В, 0,5ВА",F8NDF10CP001,АИР-20/М2-H,"4-20мА, линейный",0,25,кгс/см²,,20
359,249,Температура воды после котла,"=24В, 0,5ВА",F8NDF10CT001,ТПУ-205,"4-20мА, линейный",0,200,°C,,20
361,250,Давление на всасе НКП 1,-,F0LFM11CP001,АИР-20/М2-H,"4-20мА, линейный",-1,25,кгс/см²,,20
362,251,Давление на напоре НКП 1,-,F0LFM11CP002,АИР-20/М2-H,"4-20мА, линейный",0,25,кгс/см²,,20
363,252,Давление на всасе НКП 2,-,F0LFM12CP001,АИР-20/М2-H,"4-20мА, линейный",-1,25,кгс/см²,,20
364,253,Давление на напоре НКП 2,-,F0LFM12CP002,АИР-20/М2-H,"4-20мА, линейный",0,25,кгс/см²,,20
365,254,Ток электродвигателя НКП 1,-,F0LFM01CE012,,"4-20мА, линейный",0,250,А,,20
366,255,Ток электродвигателя НКП 2,-,F0LFM02CE012,,"4-20мА, линейный",0,250,А,,20
368,256,Температура наружного воздуха,"=24В, 0,5ВА",F0UZK10CT001,ТПУ-205,"4-20мА, линейный",-50,100,°C,,20
375,261,Температура после охладителя выпара,"=24В, 0,5ВА",F0GHJ11CT005,ТПУ-205,"4-20мА, линейный",-50,200,°C,,21
392,1,"Задание для ЧРП НСВ №1,2",-,F0CUB01DP001,ЧРП,"RS485, Modbus RTU",,,,"АР,ДУ",23
394,2,"Задание для ЧРП НРВ №1,2",-,F0CUB02DP001,ЧРП,"RS485, Modbus RTU",,,,"АР,ДУ",23
396,3,Задание для ЧРП ППН 1…3,-,F0CUB03DP001,ЧРП,"RS485, Modbus RTU",,,,"АР,ДУ",23
398,4,Задание для ЧРП котловых насосов №1…4,-,F0CUB04DP001,ЧРП,"RS485, Modbus RTU",,,,"АР,ДУ",23
400,5,"Задание для ЧРП ППНК 1,2",-,F0CUB05DP001,ЧРП,"RS485, Modbus RTU",,,,"АР,ДУ",23
411,1,"Датчик ""сухого хода"" на напоре НСВ 1 (К5.1)",-,F0GAF01CP151,,,,,,,
412,2,"Датчик ""сухого хода"" на напоре НСВ 2 (К5.2)",-,F0GAF02CP151,,,,,,,
413,3,Регулирующий клапан РТ 1 на трубопроводе байпаса насосов НСВ,-,F0GAF03AA801,,,,,,"АР,ДУ",
414,4,Регулирующий клапан РТ 1 на трубопроводе байпаса насосов НСВ,-,F0GAF03AA801,,,,,,"АР,ДУ",
415,5,Регулирующий клапан РТ 1 на трубопроводе байпаса насосов НСВ,-,F0GAF03AA801,,,,,,,
416,6,Регулирующий клапан РТ 1 на трубопроводе байпаса насосов НСВ,-,F0GAF03AA801,,,,,,,
417,7,Регулирующий клапан РТ 1 на трубопроводе байпаса насосов НСВ,-,F0GAF03AA801,,,,,,,
418,8,Регулирующий клапан РТ 1 на трубопроводе байпаса насосов НСВ,-,F0GAF03AA801,,,,,,,
423,12,Регулятор температуры сырой воды РТ 4,-,F0GAC01AA802,,,,,,"АР,ДУ",
424,13,Регулятор температуры сырой воды РТ 4,-,F0GAC01AA802,,,,,,"АР,ДУ",
425,14,Регулятор температуры сырой воды РТ 4,-,F0GAC01AA802,,,,,,,
426,15,Регулятор температуры умягченной воды РТ 71,-,F0GBJ01AA801,,,,,,"АР,ДУ",
427,16,Регулятор температуры умягченной воды РТ 71,-,F0GBJ01AA801,,,,,,"АР,ДУ",
428,17,Регулятор температуры умягченной воды РТ 71,-,F0GBJ01AA801,,,,,,,
430,18,Сигнализация начала/окончания процесса регенирации Фильтр К9.2.1,,F0GBJ01CF151,,,,,,,
431,19,Сигнализация начала/окончания процесса регенирации Фильтр К9.2.2,,F0GBJ02CF151,,,,,,,
433,20,"Датчик ""сухого хода"" на напоре НРВ 1 (К10.5.1)",-,F0GAD14CP151,,,,,,,
434,21,"Датчик ""сухого хода"" на напоре НРВ 2 (К10.5.2)",-,F0GAD15CP151,,,,,,,
435,22,Регулятор температуры в баке газоотделителе Р 66,-,F0GAD12AA801,,,,,,"АР,ДУ",
436,23,Регулятор температуры в баке газоотделителе Р 66,-,F0GAD12AA801,,,,,,"АР,ДУ",
437,24,Регулятор температуры в баке газоотделителе Р 66,-,F0GAD12AA801,,,,,,,
438,25,Регулятор уровня в баке газоотделителе РТ 68,-,F0GAD16AA801,,,,,,"АР,ДУ",
439,26,Регулятор уровня в баке газоотделителе РТ 68,-,F0GAD16AA801,,,,,,"АР,ДУ",
440,27,Регулятор уровня в баке газоотделителе РТ 68,-,F0GAD16AA801,,,,,,,
441,28,Регулятор давления рабочей воды на эжектора РД 5,-,F0GAD17AA801,,,,,,"АР,ДУ",
442,29,Регулятор давления рабочей воды на эжектора РД 5,-,F0GAD17AA801,,,,,,"АР,ДУ",
443,30,Регулятор давления рабочей воды на эжектора РД 5,-,F0GAD17AA801,,,,,,,
445,31,Задвижка на линии аварийного слива РК.КА9,,F0GDH11AA001,,,,,,,
446,32,Задвижка на линии аварийного слива РК.КА9,,F0GDH11AA001,,,,,,,
447,33,Задвижка на линии аварийного слива РК.КА9,,F0GDH11AA001,,,,,,,
448,34,Задвижка на линии аварийного слива РК.КА9,,F0GDH11AA001,,,,,,,
450,35,Задвижка на линии аварийного слива РК.КА9,,F0GDH11AA001,,,,,,,
451,36,Задвижка на линии аварийного слива РК.КА9,,F0GDH11AA001,,,,,,,
452,37,Задвижка на линии аварийного слива РК.КА9,,F0GDH11AA001,,,,,,,
453,38,Задвижка на линии аварийного слива РК.КА9,,F0GDH11AA001,,,,,,,
454,39,"Датчик ""сухого хода"" на напоре ППН 1 (К6.1)",-,F0NDK11CP151,,,,,,,
455,40,"Датчик ""сухого хода"" на напоре ППН 2 (К6.2)",-,F0NDK12CP151,,,,,,,
456,41,"Датчик ""сухого хода"" на напоре ППН 3 (К6.3)",-,F0NDK13CP151,,,,,,,
457,42,Датчик реле протока через охладитель выпара,,F0GHJ10CF151,,,,,,,
458,43,pH сырой воды после ХВО,,F0GHJ01CQ001,,,,,,,
459,44,pH сырой воды после ХВО,,F0GHJ01CQ001,,,,,,,
460,45,Регулятор расхода сырой воды на охладитель выпара РД 2,-,F0GHJ10AA801,,,,,,"АР,ДУ",
461,46,Регулятор расхода сырой воды на охладитель выпара РД 2,-,F0GHJ10AA801,,,,,,"АР,ДУ",
462,47,Регулятор расхода сырой воды на охладитель выпара РД 2,-,F0GHJ10AA801,,,,,,,
463,48,Регулятор расхода сырой воды на охладитель выпара РД 2,-,F0GHJ10AA801,,,,,,,
464,49,Регулятор расхода сырой воды на охладитель выпара РД 2,-,F0GHJ10AA801,,,,,,,
465,50,Регулятор расхода сырой воды на охладитель выпара РД 2,-,F0GHJ10AA801,,,,,,,
466,51,Регулятор уровня в вакуумном деаэраторе РТ 63,-,F0GHJ20AA801,,,,,,"АР,ДУ",
467,52,Регулятор уровня в вакуумном деаэраторе РТ 63,-,F0GHJ20AA801,,,,,,"АР,ДУ",
468,53,Регулятор уровня в вакуумном деаэраторе РТ 63,-,F0GHJ20AA801,,,,,,,
469,54,Регулятор температуры ХОВ на вакуумный деаэратор РТ 59,-,F0GHJ20AA802,,,,,,"АР,ДУ",
471,55,Регулятор температуры ХОВ на вакуумный деаэратор РТ 59,-,F0GHJ20AA802,,,,,,"АР,ДУ",
472,56,Регулятор температуры ХОВ на вакуумный деаэратор РТ 59,-,F0GHJ20AA802,,,,,,,
473,57,Регулятор температуры ХОВ на вакуумный деаэратор РТ 59,-,F0GHJ20AA802,,,,,,,
474,58,Регулятор температуры ХОВ на вакуумный деаэратор РТ 59,-,F0GHJ20AA802,,,,,,,
475,59,Регулятор температуры ХОВ на вакуумный деаэратор РТ 59,-,F0GHJ20AA802,,,,,,,
477,60,Затвор дисковый К 27 на входе насосной группы №1,-,F0NDG11AA001,,,,,,,
478,61,Затвор дисковый К 27 на входе насосной группы №1,-,F0NDG11AA001,,,,,,,
479,62,Затвор дисковый К 27 на входе насосной группы №1,-,F0NDG11AA001,,,,,,,
480,63,Затвор дисковый К 27 на входе насосной группы №1,-,F0NDG11AA001,,,,,,,
481,64,Затвор дисковый К 27 на входе насосной группы №1,-,F0NDG11AA001,,,,,,,
482,65,Затвор дисковый К 27 на входе насосной группы №1,-,F0NDG11AA001,,,,,,,
483,66,Затвор дисковый К 27 на входе насосной группы №1,-,F0NDG11AA001,,,,,,,
484,67,Затвор дисковый К 27 на входе насосной группы №1,-,F0NDG11AA001,,,,,,,
485,68,Затвор дисковый К 26 на входе насосной группы №2,-,F0NDG12AA001,,,,,,,
486,69,Затвор дисковый К 26 на входе насосной группы №2,-,F0NDG12AA001,,,,,,,
487,70,Затвор дисковый К 26 на входе насосной группы №2,-,F0NDG12AA001,,,,,,,
488,71,Затвор дисковый К 26 на входе насосной группы №2,-,F0NDG12AA001,,,,,,,
489,72,Затвор дисковый К 26 на входе насосной группы №2,-,F0NDG12AA001,,,,,,,
490,73,Затвор дисковый К 26 на входе насосной группы №2,-,F0NDG12AA001,,,,,,,
492,74,Затвор дисковый К 26 на входе насосной группы №2,-,F0NDG12AA001,,,,,,,
493,75,Затвор дисковый К 26 на входе насосной группы №2,-,F0NDG12AA001,,,,,,,
494,76,Затвор дисковый К 37 на выходе насосной группы №1,-,F0NDG11AA002,,,,,,,
495,77,Затвор дисковый К 37 на выходе насосной группы №1,-,F0NDG11AA002,,,,,,,
496,78,Затвор дисковый К 37 на выходе насосной группы №1,-,F0NDG11AA002,,,,,,,
497,79,Затвор дисковый К 37 на выходе насосной группы №1,-,F0NDG11AA002,,,,,,,
498,80,Затвор дисковый К 37 на выходе насосной группы №1,-,F0NDG11AA002,,,,,,,
499,81,Затвор дисковый К 37 на выходе насосной группы №1,-,F0NDG11AA002,,,,,,,
500,82,Затвор дисковый К 37 на выходе насосной группы №1,-,F0NDG11AA002,,,,,,,
501,83,Затвор дисковый К 37 на выходе насосной группы №1,-,F0NDG11AA002,,,,,,,
502,84,Затвор дисковый К 36 на выходе насосной группы №2,-,F0NDG12AA002,,,,,,,
503,85,Затвор дисковый К 36 на выходе насосной группы №2,-,F0NDG12AA002,,,,,,,
504,86,Затвор дисковый К 36 на выходе насосной группы №2,-,F0NDG12AA002,,,,,,,
505,87,Затвор дисковый К 36 на выходе насосной группы №2,-,F0NDG12AA002,,,,,,,
506,88,Затвор дисковый К 36 на выходе насосной группы №2,-,F0NDG12AA002,,,,,,,
507,89,Затвор дисковый К 36 на выходе насосной группы №2,-,F0NDG12AA002,,,,,,,
508,90,Затвор дисковый К 36 на выходе насосной группы №2,-,F0NDG12AA002,,,,,,,
509,91,Затвор дисковый К 36 на выходе насосной группы №2,-,F0NDG12AA002,,,,,,,
511,92,Затвор дисковый К 34 на всасе котлового насоса №1,-,F0NDG01AA001,,,,,,,
513,93,Затвор дисковый К 34 на всасе котлового насоса №1,-,F0NDG01AA001,,,,,,,
514,94,Затвор дисковый К 34 на всасе котлового насоса №1,-,F0NDG01AA001,,,,,,,
515,95,Затвор дисковый К 34 на всасе котлового насоса №1,-,F0NDG01AA001,,,,,,,
516,96,Затвор дисковый К 34 на всасе котлового насоса №1,-,F0NDG01AA001,,,,,,,
517,97,Затвор дисковый К 34 на всасе котлового насоса №1,-,F0NDG01AA001,,,,,,,
518,98,Затвор дисковый К 34 на всасе котлового насоса №1,-,F0NDG01AA001,,,,,,,
519,99,Затвор дисковый К 34 на всасе котлового насоса №1,-,F0NDG01AA001,,,,,,,
520,100,Затвор дисковый К 35 на напоре котлового насоса №1,-,F0NDG01AA002,,,,,,,
521,101,Затвор дисковый К 35 на напоре котлового насоса №1,-,F0NDG01AA002,,,,,,,
522,102,Затвор дисковый К 35 на напоре котлового насоса №1,-,F0NDG01AA002,,,,,,,
523,103,Затвор дисковый К 35 на напоре котлового насоса №1,-,F0NDG01AA002,,,,,,,
524,104,Затвор дисковый К 35 на напоре котлового насоса №1,-,F0NDG01AA002,,,,,,,
525,105,Затвор дисковый К 35 на напоре котлового насоса №1,-,F0NDG01AA002,,,,,,,
526,106,Затвор дисковый К 35 на напоре котлового насоса №1,-,F0NDG01AA002,,,,,,,
527,107,Затвор дисковый К 35 на напоре котлового насоса №1,-,F0NDG01AA002,,,,,,,
528,108,"Датчик ""сухого хода"" на напоре котлового насоса №1 (К4.1)",,F0NDG01CP151,,,,,,,
530,109,Затвор дисковый К 32 на всасе котлового насоса №2,-,F0NDG02AA001,,,,,,,
531,110,Затвор дисковый К 32 на всасе котлового насоса №2,-,F0NDG02AA001,,,,,,,
532,111,Затвор дисковый К 32 на всасе котлового насоса №2,-,F0NDG02AA001,,,,,,,
534,112,Затвор дисковый К 32 на всасе котлового насоса №2,-,F0NDG02AA001,,,,,,,
535,113,Затвор дисковый К 32 на всасе котлового насоса №2,-,F0NDG02AA001,,,,,,,
536,114,Затвор дисковый К 32 на всасе котлового насоса №2,-,F0NDG02AA001,,,,,,,
537,115,Затвор дисковый К 32 на всасе котлового насоса №2,-,F0NDG02AA001,,,,,,,
538,116,Затвор дисковый К 32 на всасе котлового насоса №2,-,F0NDG02AA001,,,,,,,
539,117,Затвор дисковый К 33 на напоре котлового насоса №2,-,F0NDG02AA002,,,,,,,
540,118,Затвор дисковый К 33 на напоре котлового насоса №2,-,F0NDG02AA002,,,,,,,
541,119,Затвор дисковый К 33 на напоре котлового насоса №2,-,F0NDG02AA002,,,,,,,
542,120,Затвор дисковый К 33 на напоре котлового насоса №2,-,F0NDG02AA002,,,,,,,
543,121,Затвор дисковый К 33 на напоре котлового насоса №2,-,F0NDG02AA002,,,,,,,
544,122,Затвор дисковый К 33 на напоре котлового насоса №2,-,F0NDG02AA002,,,,,,,
545,123,Затвор дисковый К 33 на напоре котлового насоса №2,-,F0NDG02AA002,,,,,,,
546,124,Затвор дисковый К 33 на напоре котлового насоса №2,-,F0NDG02AA002,,,,,,,
547,125,"Датчик ""сухого хода"" на напоре котлового насоса №2 (К4.2)",,F0NDG02CP151,,,,,,,
549,126,Затвор дисковый К 30 на всасе котлового насоса №3,-,F0NDG03AA001,,,,,,,
550,127,Затвор дисковый К 30 на всасе котлового насоса №3,-,F0NDG03AA001,,,,,,,
551,128,Затвор дисковый К 30 на всасе котлового насоса №3,-,F0NDG03AA001,,,,,,,
552,129,Затвор дисковый К 30 на всасе котлового насоса №3,-,F0NDG03AA001,,,,,,,
553,130,Затвор дисковый К 30 на всасе котлового насоса №3,-,F0NDG03AA001,,,,,,,
555,131,Затвор дисковый К 30 на всасе котлового насоса №3,-,F0NDG03AA001,,,,,,,
556,132,Затвор дисковый К 30 на всасе котлового насоса №3,-,F0NDG03AA001,,,,,,,
557,133,Затвор дисковый К 30 на всасе котлового насоса №3,-,F0NDG03AA001,,,,,,,
558,134,Затвор дисковый К 31 на напоре котлового насоса №3,-,F0NDG03AA002,,,,,,,
559,135,Затвор дисковый К 31 на напоре котлового насоса №3,-,F0NDG03AA002,,,,,,,
560,136,Затвор дисковый К 31 на напоре котлового насоса №3,-,F0NDG03AA002,,,,,,,
561,137,Затвор дисковый К 31 на напоре котлового насоса №3,-,F0NDG03AA002,,,,,,,
562,138,Затвор дисковый К 31 на напоре котлового насоса №3,-,F0NDG03AA002,,,,,,,
563,139,Затвор дисковый К 31 на напоре котлового насоса №3,-,F0NDG03AA002,,,,,,,
564,140,Затвор дисковый К 31 на напоре котлового насоса №3,-,F0NDG03AA002,,,,,,,
565,141,Затвор дисковый К 31 на напоре котлового насоса №3,-,F0NDG03AA002,,,,,,,
566,142,"Датчик ""сухого хода"" на напоре котлового насоса №3 (К4.3)",,F0NDG03CP151,,,,,,,
568,143,Затвор дисковый К 28 на всасе котлового насоса №4,-,F0NDG04AA001,,,,,,,
569,144,Затвор дисковый К 28 на всасе котлового насоса №4,-,F0NDG04AA001,,,,,,,
570,145,Затвор дисковый К 28 на всасе котлового насоса №4,-,F0NDG04AA001,,,,,,,
571,146,Затвор дисковый К 28 на всасе котлового насоса №4,-,F0NDG04AA001,,,,,,,
572,147,Затвор дисковый К 28 на всасе котлового насоса №4,-,F0NDG04AA001,,,,,,,
573,148,Затвор дисковый К 28 на всасе котлового насоса №4,-,F0NDG04AA001,,,,,,,
574,149,Затвор дисковый К 28 на всасе котлового насоса №4,-,F0NDG04AA001,,,,,,,
576,150,Затвор дисковый К 28 на всасе котлового насоса №4,-,F0NDG04AA001,,,,,,,
577,151,Затвор дисковый К 29 на напоре котлового насоса №4,-,F0NDG04AA002,,,,,,,
578,152,Затвор дисковый К 29 на напоре котлового насоса №4,-,F0NDG04AA002,,,,,,,
579,153,Затвор дисковый К 29 на напоре котлового насоса №4,-,F0NDG04AA002,,,,,,,
580,154,Затвор дисковый К 29 на напоре котлового насоса №4,-,F0NDG04AA002,,,,,,,
581,155,Затвор дисковый К 29 на напоре котлового насоса №4,-,F0NDG04AA002,,,,,,,
582,156,Затвор дисковый К 29 на напоре котлового насоса №4,-,F0NDG04AA002,,,,,,,
583,157,Затвор дисковый К 29 на напоре котлового насоса №4,-,F0NDG04AA002,,,,,,,
584,158,Затвор дисковый К 29 на напоре котлового насоса №4,-,F0NDG04AA002,,,,,,,
585,159,"Датчик ""сухого хода"" на напоре котлового насоса №4 (К4.4)",,F0NDG04CP151,,,,,,,
587,160,"Датчик ""сухого хода"" на напоре ППНК 1 (К23.1)",-,F0GBK11CP151,,,,,,,
588,161,"Датчик ""сухого хода"" на напоре ППНК 2 (К23.2)",-,F0GBK12CP151,,,,,,,
589,162,Затвор дисковый секционирующий К 1С на коллекторе обратной котловой воды,-,F0NDG10AA002,,,,,,,
590,163,Затвор дисковый секционирующий К 1С на коллекторе обратной котловой воды,-,F0NDG10AA002,,,,,,,
591,164,Затвор дисковый секционирующий К 1С на коллекторе обратной котловой воды,-,F0NDG10AA002,,,,,,,
593,165,Затвор дисковый секционирующий К 1С на коллекторе обратной котловой воды,-,F0NDG10AA002,,,,,,,
594,166,Затвор дисковый секционирующий К 1С на коллекторе обратной котловой воды,-,F0NDG10AA002,,,,,,,
595,167,Затвор дисковый секционирующий К 1С на коллекторе обратной котловой воды,-,F0NDG10AA002,,,,,,,
596,168,Затвор дисковый секционирующий К 1С на коллекторе обратной котловой воды,-,F0NDG10AA002,,,,,,,
597,169,Затвор дисковый секционирующий К 1С на коллекторе обратной котловой воды,-,F0NDG10AA002,,,,,,,
598,170,Содержание кислорода в подпиточной воде котлового контура после БВД 10,-,F0GBK10CQ003,,,,,,,
599,171,Содержание кислорода в подпиточной воде котлового контура после БВД 10,-,F0GBK10CQ003,,,,,,,
600,172,Содержание кислорода в обратной котловой воде после подпитки,,F0NDG20CQ003,,,,,,,
601,173,Содержание кислорода в обратной котловой воде после подпитки,,F0NDG20CQ003,,,,,,,
602,174,Регулятор температуры обратной котловой воды Ду200 РТ об1,-,F0NDG20AA801,,,,,,,
603,175,Регулятор температуры обратной котловой воды Ду200 РТ об1,-,F0NDG20AA801,,,,,,,
604,176,Регулятор температуры обратной котловой воды Ду200 РТ об1,-,F0NDG20AA801,,,,,,,
605,177,Регулятор температуры обратной котловой воды Ду200 РТ об1,-,F0NDG20AA801,,,,,,,
607,178,Регулятор температуры обратной котловой воды Ду200 РТ об1,-,F0NDG20AA801,,,,,,,
608,179,Регулятор температуры обратной котловой воды Ду200 РТ об1,-,F0NDG20AA801,,,,,,,
609,180,Регулятор температуры обратной котловой воды Ду400 РТ об2,-,F0NDG20AA802,,,,,,,
610,181,Регулятор температуры обратной котловой воды Ду400 РТ об2,-,F0NDG20AA802,,,,,,,
611,182,Регулятор температуры обратной котловой воды Ду400 РТ об2,-,F0NDG20AA802,,,,,,,
612,183,Регулятор температуры обратной котловой воды Ду400 РТ об2,-,F0NDG20AA802,,,,,,,
613,184,Регулятор температуры обратной котловой воды Ду400 РТ об2,-,F0NDG20AA802,,,,,,,
614,185,Регулятор температуры обратной котловой воды Ду400 РТ об2,-,F0NDG20AA802,,,,,,,
615,186,Регулятор давления обратной котловой воды РД К,-,F0NDG20AA803,,,,,,"АР,ДУ",
616,187,Регулятор давления обратной котловой воды РД К,-,F0NDG20AA803,,,,,,"АР,ДУ",
617,188,Регулятор давления обратной котловой воды РД К,-,F0NDG20AA803,,,,,,,
619,189,Затвор дисковый секционирующий К 2С на коллекторе прямой котловой воды,-,F0NDF10AA002,,,,,,,
620,190,Затвор дисковый секционирующий К 2С на коллекторе прямой котловой воды,-,F0NDF10AA002,,,,,,,
621,191,Затвор дисковый секционирующий К 2С на коллекторе прямой котловой воды,-,F0NDF10AA002,,,,,,,
622,192,Затвор дисковый секционирующий К 2С на коллекторе прямой котловой воды,-,F0NDF10AA002,,,,,,,
624,193,Затвор дисковый секционирующий К 2С на коллекторе прямой котловой воды,-,F0NDF10AA002,,,,,,,
625,194,Затвор дисковый секционирующий К 2С на коллекторе прямой котловой воды,-,F0NDF10AA002,,,,,,,
626,195,Затвор дисковый секционирующий К 2С на коллекторе прямой котловой воды,-,F0NDF10AA002,,,,,,,
627,196,Затвор дисковый секционирующий К 2С на коллекторе прямой котловой воды,-,F0NDF10AA002,,,,,,,
629,197,Затвор дисковый К 1 на входе котловой воды в ВК 1,-,F1NDG10AA001,,,,,,,
630,198,Затвор дисковый К 1 на входе котловой воды в ВК 1,-,F1NDG10AA001,,,,,,,
631,199,Затвор дисковый К 1 на входе котловой воды в ВК 1,-,F1NDG10AA001,,,,,,,
632,200,Затвор дисковый К 1 на входе котловой воды в ВК 1,-,F1NDG10AA001,,,,,,,
633,201,Затвор дисковый К 1 на входе котловой воды в ВК 1,-,F1NDG10AA001,,,,,,,
634,202,Затвор дисковый К 1 на входе котловой воды в ВК 1,-,F1NDG10AA001,,,,,,,
635,203,Затвор дисковый К 1 на входе котловой воды в ВК 1,-,F1NDG10AA001,,,,,,,
636,204,Затвор дисковый К 1 на входе котловой воды в ВК 1,-,F1NDG10AA001,,,,,,,
637,205,Затвор дисковый РК. КА1 регулятор расхода воды через ВК 1,-,F1NDG10AA801,,,,,,,
638,206,Затвор дисковый РК. КА1 регулятор расхода воды через ВК 1,-,F1NDG10AA801,,,,,,,
639,207,Затвор дисковый РК. КА1 регулятор расхода воды через ВК 1,-,F1NDG10AA801,,,,,,,
641,208,Затвор дисковый РК. КА1 регулятор расхода воды через ВК 1,-,F1NDG10AA801,,,,,,,
642,209,Затвор дисковый РК. КА1 регулятор расхода воды через ВК 1,-,F1NDG10AA801,,,,,,,
643,210,Затвор дисковый РК. КА1 регулятор расхода воды через ВК 1,-,F1NDG10AA801,,,,,,,
644,211,Затвор дисковый К 2 на выходе котловой воды из ВК 1,-,F1NDF10AA001,,,,,,,
645,212,Затвор дисковый К 2 на выходе котловой воды из ВК 1,-,F1NDF10AA001,,,,,,,
646,213,Затвор дисковый К 2 на выходе котловой воды из ВК 1,-,F1NDF10AA001,,,,,,,
647,214,Затвор дисковый К 2 на выходе котловой воды из ВК 1,-,F1NDF10AA001,,,,,,,
648,215,Затвор дисковый К 2 на выходе котловой воды из ВК 1,-,F1NDF10AA001,,,,,,,
649,216,Затвор дисковый К 2 на выходе котловой воды из ВК 1,-,F1NDF10AA001,,,,,,,
650,217,Затвор дисковый К 2 на выходе котловой воды из ВК 1,-,F1NDF10AA001,,,,,,,
651,218,Затвор дисковый К 2 на выходе котловой воды из ВК 1,-,F1NDF10AA001,,,,,,,
653,219,Затвор дисковый К 3 на входе котловой воды в ВК 2,-,F2NDG10AA001,,,,,,,
654,220,Затвор дисковый К 3 на входе котловой воды в ВК 2,-,F2NDG10AA001,,,,,,,
655,221,Затвор дисковый К 3 на входе котловой воды в ВК 2,-,F2NDG10AA001,,,,,,,
656,222,Затвор дисковый К 3 на входе котловой воды в ВК 2,-,F2NDG10AA001,,,,,,,
657,223,Затвор дисковый К 3 на входе котловой воды в ВК 2,-,F2NDG10AA001,,,,,,,
658,224,Затвор дисковый К 3 на входе котловой воды в ВК 2,-,F2NDG10AA001,,,,,,,
659,225,Затвор дисковый К 3 на входе котловой воды в ВК 2,-,F2NDG10AA001,,,,,,,
660,226,Затвор дисковый К 3 на входе котловой воды в ВК 2,-,F2NDG10AA001,,,,,,,
662,227,Затвор дисковый РК. КА2 регулятор расхода воды через ВК 2,-,F2NDG10AA801,,,,,,,
663,228,Затвор дисковый РК. КА2 регулятор расхода воды через ВК 2,-,F2NDG10AA801,,,,,,,
664,229,Затвор дисковый РК. КА2 регулятор расхода воды через ВК 2,-,F2NDG10AA801,,,,,,,
665,230,Затвор дисковый РК. КА2 регулятор расхода воды через ВК 2,-,F2NDG10AA801,,,,,,,
666,231,Затвор дисковый РК. КА2 регулятор расхода воды через ВК 2,-,F2NDG10AA801,,,,,,,
667,232,Затвор дисковый РК. КА2 регулятор расхода воды через ВК 2,-,F2NDG10AA801,,,,,,,
668,233,Затвор дисковый К 4 на выходе котловой воды из ВК 2,-,F2NDF10AA001,,,,,,,
669,234,Затвор дисковый К 4 на выходе котловой воды из ВК 2,-,F2NDF10AA001,,,,,,,
670,235,Затвор дисковый К 4 на выходе котловой воды из ВК 2,-,F2NDF10AA001,,,,,,,
671,236,Затвор дисковый К 4 на выходе котловой воды из ВК 2,-,F2NDF10AA001,,,,,,,
672,237,Затвор дисковый К 4 на выходе котловой воды из ВК 2,-,F2NDF10AA001,,,,,,,
673,238,Затвор дисковый К 4 на выходе котловой воды из ВК 2,-,F2NDF10AA001,,,,,,,
674,239,Затвор дисковый К 4 на выходе котловой воды из ВК 2,-,F2NDF10AA001,,,,,,,
675,240,Затвор дисковый К 4 на выходе котловой воды из ВК 2,-,F2NDF10AA001,,,,,,,
677,241,Затвор дисковый К 5 на входе котловой воды в ВК 3,-,F3NDG10AA001,,,,,,,
678,242,Затвор дисковый К 5 на входе котловой воды в ВК 3,-,F3NDG10AA001,,,,,,,
679,243,Затвор дисковый К 5 на входе котловой воды в ВК 3,-,F3NDG10AA001,,,,,,,
680,244,Затвор дисковый К 5 на входе котловой воды в ВК 3,-,F3NDG10AA001,,,,,,,
681,245,Затвор дисковый К 5 на входе котловой воды в ВК 3,-,F3NDG10AA001,,,,,,,
683,246,Затвор дисковый К 5 на входе котловой воды в ВК 3,-,F3NDG10AA001,,,,,,,
684,247,Затвор дисковый К 5 на входе котловой воды в ВК 3,-,F3NDG10AA001,,,,,,,
685,248,Затвор дисковый К 5 на входе котловой воды в ВК 3,-,F3NDG10AA001,,,,,,,
686,249,Затвор дисковый РК. КА3 регулятор расхода воды через ВК 3,-,F3NDG10AA801,,,,,,,
687,250,Затвор дисковый РК. КА3 регулятор расхода воды через ВК 3,-,F3NDG10AA801,,,,,,,
688,251,Затвор дисковый РК. КА3 регулятор расхода воды через ВК 3,-,F3NDG10AA801,,,,,,,
689,252,Затвор дисковый РК. КА3 регулятор расхода воды через ВК 3,-,F3NDG10AA801,,,,,,,
690,253,Затвор дисковый РК. КА3 регулятор расхода воды через ВК 3,-,F3NDG10AA801,,,,,,,
691,254,Затвор дисковый РК. КА3 регулятор расхода воды через ВК 3,-,F3NDG10AA801,,,,,,,
692,255,Затвор дисковый К 6 на выходе котловой воды из ВК 3,-,F3NDF10AA001,,,,,,,
693,256,Затвор дисковый К 6 на выходе котловой воды из ВК 3,-,F3NDF10AA001,,,,,,,
694,257,Затвор дисковый К 6 на выходе котловой воды из ВК 3,-,F3NDF10AA001,,,,,,,
695,258,Затвор дисковый К 6 на выходе котловой воды из ВК 3,-,F3NDF10AA001,,,,,,,
696,259,Затвор дисковый К 6 на выходе котловой воды из ВК 3,-,F3NDF10AA001,,,,,,,
697,260,Затвор дисковый К 6 на выходе котловой воды из ВК 3,-,F3NDF10AA001,,,,,,,
698,261,Затвор дисковый К 6 на выходе котловой воды из ВК 3,-,F3NDF10AA001,,,,,,,
699,262,Затвор дисковый К 6 на выходе котловой воды из ВК 3,-,F3NDF10AA001,,,,,,,
701,263,Затвор дисковый К 7 на входе котловой воды в ВК 4,-,F4NDG10AA001,,,,,,,
702,264,Затвор дисковый К 7 на входе котловой воды в ВК 4,-,F4NDG10AA001,,,,,,,
704,265,Затвор дисковый К 7 на входе котловой воды в ВК 4,-,F4NDG10AA001,,,,,,,
705,266,Затвор дисковый К 7 на входе котловой воды в ВК 4,-,F4NDG10AA001,,,,,,,
706,267,Затвор дисковый К 7 на входе котловой воды в ВК 4,-,F4NDG10AA001,,,,,,,
707,268,Затвор дисковый К 7 на входе котловой воды в ВК 4,-,F4NDG10AA001,,,,,,,
708,269,Затвор дисковый К 7 на входе котловой воды в ВК 4,-,F4NDG10AA001,,,,,,,
709,270,Затвор дисковый К 7 на входе котловой воды в ВК 4,-,F4NDG10AA001,,,,,,,
710,271,Затвор дисковый РК. КА4 регулятор расхода воды через ВК 4,-,F4NDG10AA801,,,,,,,
711,272,Затвор дисковый РК. КА4 регулятор расхода воды через ВК 4,-,F4NDG10AA801,,,,,,,
712,273,Затвор дисковый РК. КА4 регулятор расхода воды через ВК 4,-,F4NDG10AA801,,,,,,,
713,274,Затвор дисковый РК. КА4 регулятор расхода воды через ВК 4,-,F4NDG10AA801,,,,,,,
714,275,Затвор дисковый РК. КА4 регулятор расхода воды через ВК 4,-,F4NDG10AA801,,,,,,,
715,276,Затвор дисковый РК. КА4 регулятор расхода воды через ВК 4,-,F4NDG10AA801,,,,,,,
716,277,Затвор дисковый К 8 на выходе котловой воды из ВК 4,-,F4NDF10AA001,,,,,,,
717,278,Затвор дисковый К 8 на выходе котловой воды из ВК 4,-,F4NDF10AA001,,,,,,,
718,279,Затвор дисковый К 8 на выходе котловой воды из ВК 4,-,F4NDF10AA001,,,,,,,
719,280,Затвор дисковый К 8 на выходе котловой воды из ВК 4,-,F4NDF10AA001,,,,,,,
720,281,Затвор дисковый К 8 на выходе котловой воды из ВК 4,-,F4NDF10AA001,,,,,,,
721,282,Затвор дисковый К 8 на выходе котловой воды из ВК 4,-,F4NDF10AA001,,,,,,,
722,283,Затвор дисковый К 8 на выходе котловой воды из ВК 4,-,F4NDF10AA001,,,,,,,
723,284,Затвор дисковый К 8 на выходе котловой воды из ВК 4,-,F4NDF10AA001,,,,,,,
726,285,Затвор дисковый К 9 на входе котловой воды в ВК 5,-,F5NDG10AA001,,,,,,,
727,286,Затвор дисковый К 9 на входе котловой воды в ВК 5,-,F5NDG10AA001,,,,,,,
728,287,Затвор дисковый К 9 на входе котловой воды в ВК 5,-,F5NDG10AA001,,,,,,,
729,288,Затвор дисковый К 9 на входе котловой воды в ВК 5,-,F5NDG10AA001,,,,,,,
730,289,Затвор дисковый К 9 на входе котловой воды в ВК 5,-,F5NDG10AA001,,,,,,,
731,290,Затвор дисковый К 9 на входе котловой воды в ВК 5,-,F5NDG10AA001,,,,,,,
732,291,Затвор дисковый К 9 на входе котловой воды в ВК 5,-,F5NDG10AA001,,,,,,,
733,292,Затвор дисковый К 9 на входе котловой воды в ВК 5,-,F5NDG10AA001,,,,,,,
734,293,Затвор дисковый РК. КА5 регулятор расхода воды через ВК 5,-,F5NDG10AA801,,,,,,,
735,294,Затвор дисковый РК. КА5 регулятор расхода воды через ВК 5,-,F5NDG10AA801,,,,,,,
736,295,Затвор дисковый РК. КА5 регулятор расхода воды через ВК 5,-,F5NDG10AA801,,,,,,,
737,296,Затвор дисковый РК. КА5 регулятор расхода воды через ВК 5,-,F5NDG10AA801,,,,,,,
738,297,Затвор дисковый РК. КА5 регулятор расхода воды через ВК 5,-,F5NDG10AA801,,,,,,,
739,298,Затвор дисковый РК. КА5 регулятор расхода воды через ВК 5,-,F5NDG10AA801,,,,,,,
740,299,Затвор дисковый К 10 на выходе котловой воды из ВК 5,-,F5NDF10AA001,,,,,,,
741,300,Затвор дисковый К 10 на выходе котловой воды из ВК 5,-,F5NDF10AA001,,,,,,,
742,301,Затвор дисковый К 10 на выходе котловой воды из ВК 5,-,F5NDF10AA001,,,,,,,
743,302,Затвор дисковый К 10 на выходе котловой воды из ВК 5,-,F5NDF10AA001,,,,,,,
744,303,Затвор дисковый К 10 на выходе котловой воды из ВК 5,-,F5NDF10AA001,,,,,,,
746,304,Затвор дисковый К 10 на выходе котловой воды из ВК 5,-,F5NDF10AA001,,,,,,,
747,305,Затвор дисковый К 10 на выходе котловой воды из ВК 5,-,F5NDF10AA001,,,,,,,
748,306,Затвор дисковый К 10 на выходе котловой воды из ВК 5,-,F5NDF10AA001,,,,,,,
750,307,Затвор дисковый К 11 на входе котловой воды в ВК 6,-,F6NDG10AA001,,,,,,,
751,308,Затвор дисковый К 11 на входе котловой воды в ВК 6,-,F6NDG10AA001,,,,,,,
752,309,Затвор дисковый К 11 на входе котловой воды в ВК 6,-,F6NDG10AA001,,,,,,,
753,310,Затвор дисковый К 11 на входе котловой воды в ВК 6,-,F6NDG10AA001,,,,,,,
754,311,Затвор дисковый К 11 на входе котловой воды в ВК 6,-,F6NDG10AA001,,,,,,,
755,312,Затвор дисковый К 11 на входе котловой воды в ВК 6,-,F6NDG10AA001,,,,,,,
756,313,Затвор дисковый К 11 на входе котловой воды в ВК 6,-,F6NDG10AA001,,,,,,,
757,314,Затвор дисковый К 11 на входе котловой воды в ВК 6,-,F6NDG10AA001,,,,,,,
758,315,Затвор дисковый РК. КА6 регулятор расхода воды через ВК 6,-,F6NDG10AA801,,,,,,,
759,316,Затвор дисковый РК. КА6 регулятор расхода воды через ВК 6,-,F6NDG10AA801,,,,,,,
760,317,Затвор дисковый РК. КА6 регулятор расхода воды через ВК 6,-,F6NDG10AA801,,,,,,,
761,318,Затвор дисковый РК. КА6 регулятор расхода воды через ВК 6,-,F6NDG10AA801,,,,,,,
762,319,Затвор дисковый РК. КА6 регулятор расхода воды через ВК 6,-,F6NDG10AA801,,,,,,,
763,320,Затвор дисковый РК. КА6 регулятор расхода воды через ВК 6,-,F6NDG10AA801,,,,,,,
764,321,Затвор дисковый К 12 на выходе котловой воды из ВК 6,-,F6NDF10AA001,,,,,,,
765,322,Затвор дисковый К 12 на выходе котловой воды из ВК 6,-,F6NDF10AA001,,,,,,,
767,323,Затвор дисковый К 12 на выходе котловой воды из ВК 6,-,F6NDF10AA001,,,,,,,
768,324,Затвор дисковый К 12 на выходе котловой воды из ВК 6,-,F6NDF10AA001,,,,,,,
769,325,Затвор дисковый К 12 на выходе котловой воды из ВК 6,-,F6NDF10AA001,,,,,,,
770,326,Затвор дисковый К 12 на выходе котловой воды из ВК 6,-,F6NDF10AA001,,,,,,,
771,327,Затвор дисковый К 12 на выходе котловой воды из ВК 6,-,F6NDF10AA001,,,,,,,
772,328,Затвор дисковый К 12 на выходе котловой воды из ВК 6,-,F6NDF10AA001,,,,,,,
774,329,Затвор дисковый К 13 на входе котловой воды в ВК 7,-,F7NDG10AA001,,,,,,,
775,330,Затвор дисковый К 13 на входе котловой воды в ВК 7,-,F7NDG10AA001,,,,,,,
776,331,Затвор дисковый К 13 на входе котловой воды в ВК 7,-,F7NDG10AA001,,,,,,,
777,332,Затвор дисковый К 13 на входе котловой воды в ВК 7,-,F7NDG10AA001,,,,,,,
778,333,Затвор дисковый К 13 на входе котловой воды в ВК 7,-,F7NDG10AA001,,,,,,,
779,334,Затвор дисковый К 13 на входе котловой воды в ВК 7,-,F7NDG10AA001,,,,,,,
780,335,Затвор дисковый К 13 на входе котловой воды в ВК 7,-,F7NDG10AA001,,,,,,,
781,336,Затвор дисковый К 13 на входе котловой воды в ВК 7,-,F7NDG10AA001,,,,,,,
782,337,Затвор дисковый РК. КА7 регулятор расхода воды через ВК 7,-,F7NDG10AA801,,,,,,,
783,338,Затвор дисковый РК. КА7 регулятор расхода воды через ВК 7,-,F7NDG10AA801,,,,,,,
784,339,Затвор дисковый РК. КА7 регулятор расхода воды через ВК 7,-,F7NDG10AA801,,,,,,,
785,340,Затвор дисковый РК. КА7 регулятор расхода воды через ВК 7,-,F7NDG10AA801,,,,,,,
786,341,Затвор дисковый РК. КА7 регулятор расхода воды через ВК 7,-,F7NDG10AA801,,,,,,,
788,342,Затвор дисковый РК. КА7 регулятор расхода воды через ВК 7,-,F7NDG10AA801,,,,,,,
789,343,Затвор дисковый К 14 на выходе котловой воды из ВК 7,-,F7NDF10AA001,,,,,,,
790,344,Затвор дисковый К 14 на выходе котловой воды из ВК 7,-,F7NDF10AA001,,,,,,,
791,345,Затвор дисковый К 14 на выходе котловой воды из ВК 7,-,F7NDF10AA001,,,,,,,
792,346,Затвор дисковый К 14 на выходе котловой воды из ВК 7,-,F7NDF10AA001,,,,,,,
793,347,Затвор дисковый К 14 на выходе котловой воды из ВК 7,-,F7NDF10AA001,,,,,,,
794,348,Затвор дисковый К 14 на выходе котловой воды из ВК 7,-,F7NDF10AA001,,,,,,,
795,349,Затвор дисковый К 14 на выходе котловой воды из ВК 7,-,F7NDF10AA001,,,,,,,
796,350,Затвор дисковый К 14 на выходе котловой воды из ВК 7,-,F7NDF10AA001,,,,,,,
798,351,Затвор дисковый К 15 на входе котловой воды в ВК 8,-,F8NDG10AA001,,,,,,,
799,352,Затвор дисковый К 15 на входе котловой воды в ВК 8,-,F8NDG10AA001,,,,,,,
800,353,Затвор дисковый К 15 на входе котловой воды в ВК 8,-,F8NDG10AA001,,,,,,,
801,354,Затвор дисковый К 15 на входе котловой воды в ВК 8,-,F8NDG10AA001,,,,,,,
802,355,Затвор дисковый К 15 на входе котловой воды в ВК 8,-,F8NDG10AA001,,,,,,,
803,356,Затвор дисковый К 15 на входе котловой воды в ВК 8,-,F8NDG10AA001,,,,,,,
804,357,Затвор дисковый К 15 на входе котловой воды в ВК 8,-,F8NDG10AA001,,,,,,,
805,358,Затвор дисковый К 15 на входе котловой воды в ВК 8,-,F8NDG10AA001,,,,,,,
806,359,Затвор дисковый РК. КА8 регулятор расхода воды через ВК 8,-,F8NDG10AA801,,,,,,,
807,360,Затвор дисковый РК. КА8 регулятор расхода воды через ВК 8,-,F8NDG10AA801,,,,,,,
809,361,Затвор дисковый РК. КА8 регулятор расхода воды через ВК 8,-,F8NDG10AA801,,,,,,,
810,362,Затвор дисковый РК. КА8 регулятор расхода воды через ВК 8,-,F8NDG10AA801,,,,,,,
811,363,Затвор дисковый РК. КА8 регулятор расхода воды через ВК 8,-,F8NDG10AA801,,,,,,,
812,364,Затвор дисковый РК. КА8 регулятор расхода воды через ВК 8,-,F8NDG10AA801,,,,,,,
813,365,Затвор дисковый К 16 на выходе котловой воды из ВК 8,-,F8NDF10AA001,,,,,,,
814,366,Затвор дисковый К 16 на выходе котловой воды из ВК 8,-,F8NDF10AA001,,,,,,,
815,367,Затвор дисковый К 16 на выходе котловой воды из ВК 8,-,F8NDF10AA001,,,,,,,
816,368,Затвор дисковый К 16 на выходе котловой воды из ВК 8,-,F8NDF10AA001,,,,,,,
817,369,Затвор дисковый К 16 на выходе котловой воды из ВК 8,-,F8NDF10AA001,,,,,,,
818,370,Затвор дисковый К 16 на выходе котловой воды из ВК 8,-,F8NDF10AA001,,,,,,,
819,371,Затвор дисковый К 16 на выходе котловой воды из ВК 8,-,F8NDF10AA001,,,,,,,
820,372,Затвор дисковый К 16 на выходе котловой воды из ВК 8,-,F8NDF10AA001,,,,,,,
822,373,"Датчик ""сухого хода"" на напоре НКП 1",-,F0LFM11CP151,,,,,,,
823,374,"Датчик ""сухого хода"" на напоре НКП 1",-,F0LFM12CP151,,,,,,,
825,375,Шкаф ввода Ш 1 сборки задвижек,-,F0CDA01GH001,,,,,,,
827,376,Клапан регулирующий до теплообменников по сети Т21 РТ 70,-,F0NDG24AA801,,,,,,"АР,ДУ",
829,377,Клапан регулирующий до теплообменников по сети Т21 РТ 70,-,F0NDG24AA801,,,,,,"АР,ДУ",
830,378,Клапан регулирующий до теплообменников по сети Т21 РТ 70,-,F0NDG24AA801,,,,,,,
831,379,Кран запорный бака раствора щелочи 9Д,,F0GCN01AA001,,,,,,,
832,380,Кран запорный бака раствора щелочи 9Д,,F0GCN01AA001,,,,,,,
833,381,Кран запорный бака раствора щелочи 9Д,,F0GCN01AA001,,,,,,,
834,382,Кран запорный бака раствора щелочи 9Д,,F0GCN01AA001,,,,,,,
835,383,Кран запорный бака раствора щелочи 9Д,,F0GCN01AA001,,,,,,,
836,384,Кран запорный бака раствора щелочи 9Д,,F0GCN01AA001,,,,,,,
838,385,Клапан регулирующий К5 по сети Т1 до теплообменника К1 отопления и ГВС,,F0NDF24AA801,,,,,,"АР,ДУ",
839,386,Клапан регулирующий К5 по сети Т1 до теплообменника К1 отопления и ГВС,,F0NDF24AA801,,,,,,"АР,ДУ",
840,387,Клапан регулирующий К5 по сети Т1 до теплообменника К1 отопления и ГВС,,F0NDF24AA801,,,,,,,
841,385,Клапан регулирующий К5а по сети Т1 до теплообменника К1 отопления и ГВС,,F0NDF24AA802,,,,,,"АР,ДУ",
842,386,Клапан регулирующий К5а по сети Т1 до теплообменника К1 отопления и ГВС,,F0NDF24AA802,,,,,,"АР,ДУ",
843,387,Клапан регулирующий К5а по сети Т1 до теплообменника К1 отопления и ГВС,,F0NDF24AA802,,,,,,,
845,388,Клапан регулирующий К6 по сети Т1 до теплообменника К2 вентиляции,,F0NDF24AA803,,,,,,"АР,ДУ",
846,389,Клапан регулирующий К6 по сети Т1 до теплообменника К2 вентиляции,,F0NDF24AA803,,,,,,"АР,ДУ",
847,390,Клапан регулирующий К6 по сети Т1 до теплообменника К2 вентиляции,,F0NDF24AA803,,,,,,,
848,391,Клапан электромагнитный К7 по сети Т94 подпитки контура отопления и ГВС,,F0NDG24AA001,,,,,,,
849,392,Клапан электромагнитный К13 на линии заполнения теплоносителя по сети Т21 системы вентиляции,,F0SAH21AA001,,,,,,,
860,1,Регулирующий клапан РТ 1 на трубопроводе байпаса насосов,-,F0GAF03AA801,,,,,,"АР,ДУ",
861,2,Регулирующий клапан РТ 1 на трубопроводе байпаса насосов,-,F0GAF03AA801,,,,,,"АР,ДУ",
863,3,Пуск насоса НСВ,-,F0CUB01GU001,,"RS485, Modbus RTU",,,,,
864,4,Стоп насоса НСВ,-,F0CUB01GU001,,"RS485, Modbus RTU",,,,,
866,5,Регулятор производительности ХВО РД 3 F0GAC01АА801 Больше,-,F0GAC01AA801YC01,,,,,,"АР,ДУ",
867,6,Регулятор производительности ХВО РД 3,-,F0GAC01AA801,,,,,,"АР,ДУ",
868,7,Регулятор температуры сырой воды РТ 4,-,F0GAC01AA802,,,,,,"АР,ДУ",
869,8,Регулятор температуры сырой воды РТ 4,-,F0GAC01AA802,,,,,,"АР,ДУ",
870,9,Регулятор температуры умягченной воды РТ 71,-,F0GBJ01AA801,,,,,,"АР,ДУ",
871,10,Регулятор температуры умягченной воды РТ 71,-,F0GBJ01AA801,,,,,,"АР,ДУ",
873,11,Регулятор температуры в баке газоотделителе Р 66,-,F0GAD12AA801,,,,,,"АР,ДУ",
874,12,Регулятор температуры в баке газоотделителе Р 66,-,F0GAD12AA801,,,,,,"АР,ДУ",
875,13,Регулятор уровня в баке газоотделителе РТ 68,-,F0GAD16AA801,,,,,,"АР,ДУ",
876,14,Регулятор уровня в баке газоотделителе РТ 68,-,F0GAD16AA801,,,,,,"АР,ДУ",
878,15,Регулятор давления рабочей воды на эжектора РД 5,-,F0GAD17AA801,,,,,,"АР,ДУ",
879,16,Регулятор давления рабочей воды на эжектора РД 5,-,F0GAD17AA801,,,,,,"АР,ДУ",
881,17,Пуск насоса НРВ,-,F0CUB02GU001,,"RS485, Modbus RTU",,,,,
882,18,Стоп насоса НРВ,-,F0CUB02GU001,,"RS485, Modbus RTU",,,,,
884,19,Задвижка на линии аварийного слива РК.КА9,,F0GDH11AA001,,,,,,,
885,20,Задвижка на линии аварийного слива РК.КА9,,F0GDH11AA001,,,,,,,
886,21,Задвижка на линии аварийного слива РК.КА9,,F0GDH11AA001,,,,,,,
887,22,Регулятор расхода сырой воды на охладитель выпара РД 2,-,F0GHJ10AA801,,,,,,"АР,ДУ",
888,23,Регулятор расхода сырой воды на охладитель выпара РД 2,-,F0GHJ10AA801,,,,,,"АР,ДУ",
889,24,Регулятор уровня в вакуумном деаэраторе РТ 63,-,F0GHJ20AA801,,,,,,"АР,ДУ",
890,25,Регулятор уровня в вакуумном деаэраторе РТ 63,-,F0GHJ20AA801,,,,,,"АР,ДУ",
891,26,Регулятор температуры ХОВ на вакуумный деаэратор РТ 59,-,F0GHJ20AA802,,,,,,"АР,ДУ",
892,27,Регулятор температуры ХОВ на вакуумный деаэратор РТ 59,-,F0GHJ20AA802,,,,,,"АР,ДУ",
894,28,Пуск насоса НРВ,-,F0CUB03GU001,,"RS485, Modbus RTU",,,,,
895,29,Стоп насоса НРВ,-,F0CUB03GU001,,"RS485, Modbus RTU",,,,,
898,30,Затвор дисковый К 27 на входе насосной группы №1,-,F0NDG11AA001,,,,,,,
899,31,Затвор дисковый К 27 на входе насосной группы №1,-,F0NDG11AA001,,,,,,,
900,32,Затвор дисковый К 27 на входе насосной группы №1,-,F0NDG11AA001,,,,,,,
901,33,Затвор дисковый К 26 на входе насосной группы №2,-,F0NDG12AA001,,,,,,,
902,34,Затвор дисковый К 26 на входе насосной группы №2,-,F0NDG12AA001,,,,,,,
903,35,Затвор дисковый К 26 на входе насосной группы №2,-,F0NDG12AA001,,,,,,,
904,36,Затвор дисковый К 37 на выходе насосной группы №1,-,F0NDG11AA002,,,,,,,
905,37,Затвор дисковый К 37 на выходе насосной группы №1,-,F0NDG11AA002,,,,,,,
906,38,Затвор дисковый К 37 на выходе насосной группы №1,-,F0NDG11AA002,,,,,,,
907,39,Затвор дисковый К 36 на выходе насосной группы №2,-,F0NDG12AA002,,,,,,,
908,40,Затвор дисковый К 36 на выходе насосной группы №2,-,F0NDG12AA002,,,,,,,
909,41,Затвор дисковый К 36 на выходе насосной группы №2,-,F0NDG12AA002,,,,,,,
911,42,Затвор дисковый К 34 на всасе котлового насоса №1,-,F0NDG01AA001,,,,,,,
912,43,Затвор дисковый К 34 на всасе котлового насоса №1,-,F0NDG01AA001,,,,,,,
913,44,Затвор дисковый К 34 на всасе котлового насоса №1,-,F0NDG01AA001,,,,,,,
914,45,Затвор дисковый К 35 на напоре котлового насоса №1,-,F0NDG01AA002,,,,,,,
916,46,Затвор дисковый К 35 на напоре котлового насоса №1,-,F0NDG01AA002,,,,,,,
917,47,Затвор дисковый К 35 на напоре котлового насоса №1,-,F0NDG01AA002,,,,,,,
919,48,Затвор дисковый К 32 на всасе котлового насоса №2,-,F0NDG02AA001,,,,,,,
920,49,Затвор дисковый К 32 на всасе котлового насоса №2,-,F0NDG02AA001,,,,,,,
921,50,Затвор дисковый К 32 на всасе котлового насоса №2,-,F0NDG02AA001,,,,,,,
922,51,Затвор дисковый К 33 на напоре котлового насоса №2,-,F0NDG02AA002,,,,,,,
923,52,Затвор дисковый К 33 на напоре котлового насоса №2,-,F0NDG02AA002,,,,,,,
924,53,Затвор дисковый К 33 на напоре котлового насоса №2,-,F0NDG02AA002,,,,,,,
926,54,Затвор дисковый К 30 на всасе котлового насоса №3,-,F0NDG03AA001,,,,,,,
927,55,Затвор дисковый К 30 на всасе котлового насоса №3,-,F0NDG03AA001,,,,,,,
928,56,Затвор дисковый К 30 на всасе котлового насоса №3,-,F0NDG03AA001,,,,,,,
929,57,Затвор дисковый К 31 на напоре котлового насоса №3,-,F0NDG03AA002,,,,,,,
930,58,Затвор дисковый К 31 на напоре котлового насоса №3,-,F0NDG03AA002,,,,,,,
931,59,Затвор дисковый К 31 на напоре котлового насоса №3,-,F0NDG03AA002,,,,,,,
933,60,Затвор дисковый К 28 на всасе котлового насоса №4,-,F0NDG04AA001,,,,,,,
935,61,Затвор дисковый К 28 на всасе котлового насоса №4,-,F0NDG04AA001,,,,,,,
936,62,Затвор дисковый К 28 на всасе котлового насоса №4,-,F0NDG04AA001,,,,,,,
937,63,Затвор дисковый К 29 на напоре котлового насоса №4,-,F0NDG04AA002,,,,,,,
938,64,Затвор дисковый К 29 на напоре котлового насоса №4,-,F0NDG04AA002,,,,,,,
939,65,Затвор дисковый К 29 на напоре котлового насоса №4,-,F0NDG04AA002,,,,,,,
941,66,Пуск котлового насоса,-,F0CUB04GU001,,"RS485, Modbus RTU",,,,,
942,67,Стоп котлового насоса,-,F0CUB04GU001,,"RS485, Modbus RTU",,,,,
944,68,Затвор дисковый секционирующий К 1С на коллекторе обратной котловой воды,-,F0NDG10AA002,,,,,,,
945,69,Затвор дисковый секционирующий К 1С на коллекторе обратной котловой воды,-,F0NDG10AA002,,,,,,,
946,70,Затвор дисковый секционирующий К 1С на коллекторе обратной котловой воды,-,F0NDG10AA002,,,,,,,
947,71,Регулятор температуры обратной котловой воды Ду200 РТ об1,-,F0NDG20AA801,,,,,,"АР,ДУ",
948,72,Регулятор температуры обратной котловой воды Ду200 РТ об1,-,F0NDG20AA801,,,,,,"АР,ДУ",
950,73,Регулятор температуры обратной котловой воды Ду400 РТ об2,-,F0NDG20AA802,,,,,,"АР,ДУ",
951,74,Регулятор температуры обратной котловой воды Ду400 РТ об2,-,F0NDG20AA802,,,,,,"АР,ДУ",
952,75,Регулятор давления обратной котловой воды РД К,-,F0NDG20AA803,,,,,,"АР,ДУ",
953,76,Регулятор давления обратной котловой воды РД К,-,F0NDG20AA803,,,,,,"АР,ДУ",
955,77,Пуск насоса подпитки котлового насоса,-,F0CUB05GU001,,"RS485, Modbus RTU",,,,,
956,78,Стоп насоса подпитки котлового насоса,-,F0CUB05GU001,,"RS485, Modbus RTU",,,,,
958,79,Затвор дисковый секционирующий К 2С на коллекторе прямой котловой воды,-,F0NDF10AA002,,,,,,,
959,80,Затвор дисковый секционирующий К 2С на коллекторе прямой котловой воды,-,F0NDF10AA002,,,,,,,
960,81,Затвор дисковый секционирующий К 2С на коллекторе прямой котловой воды,-,F0NDF10AA002,,,,,,,
962,82,Затвор дисковый К 1 на входе котловой воды в ВК 1,-,F1NDG10AA001,,,,,,,
963,83,Затвор дисковый К 1 на входе котловой воды в ВК 1,-,F1NDG10AA001,,,,,,,
965,84,Затвор дисковый К 1 на входе котловой воды в ВК 1,-,F1NDG10AA001,,,,,,,
966,85,Затвор дисковый РК. КА1 регулятор расхода воды через ВК 1,-,F1NDG10AA801,,,,,,"АР,ДУ",
967,86,Затвор дисковый РК. КА1 регулятор расхода воды через ВК 1,-,F1NDG10AA801,,,,,,"АР,ДУ",
968,87,Затвор дисковый К 2 на выходе котловой воды из ВК 1,-,F1NDF10AA001,,,,,,,
969,88,Затвор дисковый К 2 на выходе котловой воды из ВК 1,-,F1NDF10AA001,,,,,,,
970,89,Затвор дисковый К 2 на выходе котловой воды из ВК 1,-,F1NDF10AA001,,,,,,,
972,90,Затвор дисковый К 3 на входе котловой воды в ВК 2,-,F2NDG10AA001,,,,,,,
973,91,Затвор дисковый К 3 на входе котловой воды в ВК 2,-,F2NDG10AA001,,,,,,,
974,92,Затвор дисковый К 3 на входе котловой воды в ВК 2,-,F2NDG10AA001,,,,,,,
975,93,Затвор дисковый РК. КА2 регулятор расхода воды через ВК 2,-,F2NDG10AA801,,,,,,"АР,ДУ",
976,94,Затвор дисковый РК. КА2 регулятор расхода воды через ВК 2,-,F2NDG10AA801,,,,,,"АР,ДУ",
977,95,Затвор дисковый К 4 на выходе котловой воды из ВК 2,-,F2NDF10AA001,,,,,,,
978,96,Затвор дисковый К 4 на выходе котловой воды из ВК 2,-,F2NDF10AA001,,,,,,,
979,97,Затвор дисковый К 4 на выходе котловой воды из ВК 2,-,F2NDF10AA001,,,,,,,
981,98,Затвор дисковый К 5 на входе котловой воды в ВК 3,-,F3NDG10AA001,,,,,,,
982,99,Затвор дисковый К 5 на входе котловой воды в ВК 3,-,F3NDG10AA001,,,,,,,
984,100,Затвор дисковый К 5 на входе котловой воды в ВК 3,-,F3NDG10AA001,,,,,,,
985,101,Затвор дисковый РК. КА3 регулятор расхода воды через ВК 3,-,F3NDG10AA801,,,,,,"АР,ДУ",
986,102,Затвор дисковый РК. КА3 регулятор расхода воды через ВК 3,-,F3NDG10AA801,,,,,,"АР,ДУ",
987,103,Затвор дисковый К 6 на выходе котловой воды из ВК 3,-,F3NDF10AA001,,,,,,,
988,104,Затвор дисковый К 6 на выходе котловой воды из ВК 3,-,F3NDF10AA001,,,,,,,
989,105,Затвор дисковый К 6 на выходе котловой воды из ВК 3,-,F3NDF10AA001,,,,,,,
991,106,Затвор дисковый К 7 на входе котловой воды в ВК 4,-,F4NDG10AA001,,,,,,,
992,107,Затвор дисковый К 7 на входе котловой воды в ВК 4,-,F4NDG10AA001,,,,,,,
993,108,Затвор дисковый К 7 на входе котловой воды в ВК 4,-,F4NDG10AA001,,,,,,,
994,109,Затвор дисковый РК. КА4 регулятор расхода воды через ВК 4,-,F4NDG10AA801,,,,,,"АР,ДУ",
995,110,Затвор дисковый РК. КА4 регулятор расхода воды через ВК 4,-,F4NDG10AA801,,,,,,"АР,ДУ",
996,111,Затвор дисковый К 8 на выходе котловой воды из ВК 4,-,F4NDF10AA001,,,,,,,
997,112,Затвор дисковый К 8 на выходе котловой воды из ВК 4,-,F4NDF10AA001,,,,,,,
998,113,Затвор дисковый К 8 на выходе котловой воды из ВК 4,-,F4NDF10AA001,,,,,,,
1000,114,Затвор дисковый К 9 на входе котловой воды в ВК 5,-,F5NDG10AA001,,,,,,,
1001,115,Затвор дисковый К 9 на входе котловой воды в ВК 5,-,F5NDG10AA001,,,,,,,
1003,116,Затвор дисковый К 9 на входе котловой воды в ВК 5,-,F5NDG10AA001,,,,,,,
1004,117,Затвор дисковый РК. КА5 регулятор расхода воды через ВК 5,-,F5NDG10AA801,,,,,,"АР,ДУ",
1005,118,Затвор дисковый РК. КА5 регулятор расхода воды через ВК 5,-,F5NDG10AA801,,,,,,"АР,ДУ",
1006,119,Затвор дисковый К 10 на выходе котловой воды из ВК 5,-,F5NDF10AA001,,,,,,,
1007,120,Затвор дисковый К 10 на выходе котловой воды из ВК 5,-,F5NDF10AA001,,,,,,,
1008,121,Затвор дисковый К 10 на выходе котловой воды из ВК 5,-,F5NDF10AA001,,,,,,,
1010,122,Затвор дисковый К 11 на входе котловой воды в ВК 6,-,F6NDG10AA001,,,,,,,
1011,123,Затвор дисковый К 11 на входе котловой воды в ВК 6,-,F6NDG10AA001,,,,,,,
1012,124,Затвор дисковый К 11 на входе котловой воды в ВК 6,-,F6NDG10AA001,,,,,,,
1013,125,Затвор дисковый РК. КА6 регулятор расхода воды через ВК 6,-,F6NDG10AA801,,,,,,"АР,ДУ",
1014,126,Затвор дисковый РК. КА6 регулятор расхода воды через ВК 6,-,F6NDG10AA801,,,,,,"АР,ДУ",
1015,127,Затвор дисковый К 12 на выходе котловой воды из ВК 6,-,F6NDF10AA001,,,,,,,
1016,128,Затвор дисковый К 12 на выходе котловой воды из ВК 6,-,F6NDF10AA001,,,,,,,
1017,129,Затвор дисковый К 12 на выходе котловой воды из ВК 6,-,F6NDF10AA001,,,,,,,
1019,130,Затвор дисковый К 13 на входе котловой воды в ВК 7,-,F7NDG10AA001,,,,,,,
1020,131,Затвор дисковый К 13 на входе котловой воды в ВК 7,-,F7NDG10AA001,,,,,,,
1022,132,Затвор дисковый К 13 на входе котловой воды в ВК 7,-,F7NDG10AA001,,,,,,,
1023,133,Затвор дисковый РК. КА7 регулятор расхода воды через ВК 7,-,F7NDG10AA801,,,,,,"АР,ДУ",
1024,134,Затвор дисковый РК. КА7 регулятор расхода воды через ВК 7,-,F7NDG10AA801,,,,,,"АР,ДУ",
1025,135,Затвор дисковый К 14 на выходе котловой воды из ВК 7,-,F7NDF10AA001,,,,,,,
1026,136,Затвор дисковый К 14 на выходе котловой воды из ВК 7,-,F7NDF10AA001,,,,,,,
1027,137,Затвор дисковый К 14 на выходе котловой воды из ВК 7,-,F7NDF10AA001,,,,,,,
1029,138,Затвор дисковый К 15 на входе котловой воды в ВК 8,-,F8NDG10AA001,,,,,,,
1030,139,Затвор дисковый К 15 на входе котловой воды в ВК 8,-,F8NDG10AA001,,,,,,,
1031,140,Затвор дисковый К 15 на входе котловой воды в ВК 8,-,F8NDG10AA001,,,,,,,
1032,141,Затвор дисковый РК. КА8 регулятор расхода воды через ВК 8,-,F8NDG10AA801,,,,,,"АР,ДУ",
1033,142,Затвор дисковый РК. КА8 регулятор расхода воды через ВК 8,-,F8NDG10AA801,,,,,,"АР,ДУ",
1034,143,Затвор дисковый К 16 на выходе котловой воды из ВК 8,-,F8NDF10AA001,,,,,,,
1035,144,Затвор дисковый К 16 на выходе котловой воды из ВК 8,-,F8NDF10AA001,,,,,,,
1036,145,Затвор дисковый К 16 на выходе котловой воды из ВК 8,-,F8NDF10AA001,,,,,,,
1038,146,Клапан регулирующий до теплообменников по сети Т21 РТ 70,-,F0NDG24AA801,,,,,,"АР,ДУ",
1040,147,Клапан регулирующий до теплообменников по сети Т21 РТ 70,-,F0NDG24AA801,,,,,,"АР,ДУ",
1041,148,Кран запорный бака раствора щелочи 9Д,,F0GCN01AA001,,,,,,,
1042,149,Кран запорный бака раствора щелочи 9Д,,F0GCN01AA001,,,,,,,
1043,150,Кран запорный бака раствора щелочи 9Д,,F0GCN01AA001,,,,,,,
1045,151,Клапан регулирующий К5 по сети Т1 до теплообменника К1 отопления и ГВС,,F0NDF24AA801,,,,,,"АР,ДУ",
1046,152,Клапан регулирующий К5 по сети Т1 до теплообменника К1 отопления и ГВС,,F0NDF24AA801,,,,,,"АР,ДУ",
1047,153,Клапан регулирующий К5а по сети Т1 до теплообменника К1 отопления и ГВС,,F0NDF24AA802,,,,,,"АР,ДУ",
1048,154,Клапан регулирующий К5а по сети Т1 до теплообменника К1 отопления и ГВС,,F0NDF24AA802,,,,,,"АР,ДУ",
1049,155,Клапан регулирующий К6 по сети Т1 до теплообменника К2 вентиляции,,F0NDF24AA803,,,,,,"АР,ДУ",
1050,156,Клапан регулирующий К6 по сети Т1 до теплообменника К2 вентиляции,,F0NDF24AA803,,,,,,"АР,ДУ",
1051,157,Клапан электромагнитный К7 по сети Т94 подпитки контура отопления и ГВС,,F0NDG24AA001,,,,,,,
1052,158,Клапан электромагнитный К13 на линии заполнения теплоносителя по сети Т21 системы вентиляции,,F0SAH21AA001,,,,,,,
